file,url,label
0001.json,https://docs.google.com/presentation/d/e/2PACX-1vTol5JtE-X-HtoUKn5FbquWW0Ow7kNQ18HeDM3EmdTCVwbRxneuSKX_Yin1fo-0nuAZZ9wVj6LWv5N1/pub?start=false&amp;loop=false&amp;delayms=3000&amp;slide=id.p,1
0003.json,https://sites.google.com/view/currently-update2710/update,1
0004.json,https://bit.ly/4gWhacz,1
0006.json,https://docs.google.com/presentation/d/e/2PACX-1vQ1KWlkIeVI11TRQ_DOv6FG-l-eSJ8UKz6mafkiBU5VxuCFbj9WysBS6PGOJ7SIL_9mcORbMb7EpHRl/pub?start=false&amp;loop=false&amp;delayms=3000,1
0007.json,https://ffhfglk.weebly.com/,1
0008.json,https://docs.google.com/forms/d/e/1FAIpQLSe-xVSFE4rvBtcBn__vtrlaK6rpSQNpkbJprjwvNl-poH8rqA/viewform,1
0010.json,https://qrco.de/bfJvyI,1
0011.json,https://docs.google.com/presentation/d/e/2PACX-1vSgm9Ken3eHm-NDTxjZlxAlxALTI3X0hNgBMk5JVmfv5XVQqy8WqP_YzSCugPC7FUXtrLzP5kmsijfP/pub?start=false&loop=false&delayms=1000,1
0012.json,https://meetaamassklogiin.webflow.io/,1
0013.json,https://docs.google.com/presentation/d/e/2PACX-1vQj5_YMUSuDh3WgYw0bDsRd-scmBsOhLOg9AdXQwvEX7I0QpzqSmtTv1mbFdx5XK3oXp5loV9_A8gzV/pub?start=false&amp;loop=false&amp;delayms=3000,1
0014.json,https://docs.google.com/presentation/d/e/2PACX-1vTd1FJARmB8s6XEnmGuFttyry6WTw66vfLf7VAQjIXe7dGZsMdAGYdpnm86L4mxvdck38W0tBe7mMKv/pub?start=false&amp;loop=false&amp;delayms=3000&amp;slide=id.p,1
0015.json,https://eastlinkhgdghfjj.weebly.com/,1
0016.json,https://dellavillas.com/unfold,1
0017.json,https://pub-da0890dd4543473aa8e84f5a3c6e45bb.r2.dev/campaignsN4Ig9gTgJgphBCBPEAuEEYA.html,1
0018.json,https://nicheuniversal.ukit.me/,1
0021.json,https://tiwofiana8.firebaseapp.com/,1
0023.json,https://my-phantom-app-wallet.webflow.io/,1
0024.json,https://mexycali.firebaseapp.com/,1
0025.json,https://docs.google.com/presentation/d/e/2PACX-1vRm5_acGRJVDuj3kU_qc4zdbKJ9SsPJnoFyhXcHme5tTICnU25TECUN_i824oXQHh3o9SU_dvziaAYj/pub?start=false&amp;loop=false&amp;delayms=3000,1
0026.json,https://share-eu1.hsforms.com/1CYWVJszvSeaGmxxuUiRy2g2ey20k,1
0027.json,https://racspace12.weebly.com/,1
0028.json,https://descriptive-teal-foe.glitch.me/index%20(1).html,1
0029.json,https://ashleybecklivenueve.firebaseapp.com/,1
0030.json,https://bit.ly/3YrqSOj,1
0031.json,https://kucoinloginxs.webflow.io/,1
0032.json,https://attceckp0int.weebly.com/,1
0035.json,https://docs.google.com/presentation/d/18aoH_ZNazEZntpB_CYgbCZ_BvWMa41D5f3bTRIFkI-A/pub?start=false&amp;loop=false&amp;delayms=3000&amp;slide=id.p,1
0036.json,https://docs.google.com/presentation/d/1TryaXum_mecUJ1QnEZN2hcah1G0Fw-5V6TF70_w_gXs/pub?start=false&amp;loop=false&amp;delayms=3000&amp;slide=id.p,1
0037.json,https://ylnk.cc/hcR9,1
0041.json,https://shorter.me/FSCGE,1
0042.json,https://dk11863366030.activehosted.com/f/1,1
0044.json,http://43.134.191.197/v3/signin/identifier?dsh=S1527723494:1679473203865962&amp;followup=https://accounts.google.com/?&amp;ifkv=AWnogHceRTLJMYRlYCUGZVFUP54OZtQJsMJ0IGHEJQ2_PJf2IGUzfjLYEBurUv_7Gf1G7i22FVMt-w&amp;passive=1209600&amp;xrealip=107.178.236.2&amp;continue=https://accounts.google.com/?&amp;xrealip=153.179.127.237&amp;flowName=GlifWebSignIn&amp;flowEntry=ServiceLogin&amp;ifkv=AWnogHcL_FwAHh242GUS0CScD9WGSIZo7hsZc7TM7XaagECqMBYvR3_NqLMYaGVR96NnoqWJtaxURw,1
0046.json,https://home-101858.weeblysite.com/,1
0047.json,http://allegro.pl-oferta863549.com,1
0048.json,http://129.226.211.41/InteractiveLogin?continue=https://accounts.google.com/?&amp;followup=https://accounts.google.com/?&amp;passive=1209600&amp;xrealip=107.178.231.245&amp;ifkv=AWnogHfdH-g0j7oR_axegQtH2EVGtCmO5eywPSLNG5UyWdybfZ_dBz69jJziklfibbiNtsHSHyj8Vw,1
0049.json,https://qrco.de/bf7qNs,1
0050.json,https://q-r.to/bfIg70,1
0051.json,https://bit.ly/3WpMFmK,1
0052.json,https://l.ead.me/bfMFC7,1
0053.json,https://docs.google.com/presentation/d/e/2PACX-1vQzX3mD9vVIPilcepvhIUOR0u8eeXkuMJGjczeR1b1gBZlmCc1pTIroCR6V8zgOjxeTWhlg4m5Vqtr7/pub?start=false&loop=false&delayms=3000,1
0054.json,https://docs.google.com/presentation/d/e/2PACX-1vQQl0Wk4TuWuhbZbR9MuSb0WyQDYRe4adna_rL1rQNVoIu9L9e0nopw_3uiWMxN4A5Hw9kHImJaRiBC/pub?start=false&amp;loop=false&amp;delayms=3000,1
0057.json,https://assets-eur.mkt.dynamics.com/0abbb778-44ed-ef11-933d-000d3a24897a/digitalassets/standaloneforms/1bb7593c-e6f5-ef11-be1f-7c1e525f237f,1
0058.json,https://q-r.to/bfN9f6,1
0059.json,https://bit.ly/3WLts0a,1
0061.json,https://surl.li/oruzv,1
0063.json,https://qrco.de/bfKGyW,1
0064.json,https://l.ead.me/bfEcud,1
0066.json,http://pub-8376b5b2334844d193a525d8b8548fa5.r2.dev/b99.html,1
0067.json,https://voicemailonemailloading.github.io/New/Voice.html,1
0068.json,https://docs.google.com/presentation/d/e/2PACX-1vQXGCeOMoZQX85mEGSACQYok8gkjPHlp3JF9C7P5eduQlkvEZq7ITa9W59L_sPytBb-ekVF0iYEmWnv/pub?start=true&amp;loop=true&amp;delayms=3000,1
0069.json,https://abfrcicunest.web.app/,1
0070.json,https://gspounos.firebaseapp.com/,1
0071.json,https://mybt-0-jvq6.my.asekio.com/,1
0072.json,http://allegrolokalnie.plslgjp1jlfia01ghk.shop,1
0073.json,https://activadinersclub.webcindario.com/,1
0074.json,https://idecclokasd.com/#bTqH0imWYMQR2zNyxsuIiFZUHKuTHL70WhCoRemLooRiyxt/?em=redacted@abuse.ionos.com,1
0077.json,https://l.ead.me/bfX3L2,1
0079.json,https://qrco.de/bfEgix,1
0080.json,https://allegro.pl-oferta2111585.shop,1
0083.json,https://home-103498.weeblysite.com/,1
0084.json,https://qontomsg06.firebaseapp.com/,1
0085.json,https://tinyurl.com/4zvzznk6,1
0086.json,https://exweme88490.activehosted.com/f/1,1
0088.json,https://trezzzoarwallet.webflow.io/,1
0089.json,https://q-r.to/bfJSDs,1
0091.json,https://114f502.wcomhost.com/,1
0092.json,https://bxnbcc.weebly.com/,1
0095.json,https://l.ead.me/bfKASoSvwserewrhe34,1
0096.json,https://1gn304z1.odoo.com/,1
0097.json,https://sjsjsksksksllak.glitch.me/,1
0100.json,https://t.co/xrDQ5lMOGT,1
0101.json,https://l.ead.me/bfJBuS,1
0103.json,https://belilsystem.weebly.com/,1
0104.json,https://magic.ly/mailforattuserupdate,1
0106.json,https://www.amazingappclub.com/app/jp.japanpost.jp_bank.bankbookapp?utm_source=133896259867&amp;utm_medium=search&amp;utm_campaign=15520945349&amp;gad=1&amp;gclid=EAIaIQobChMItY-drZXR_wIVFsSWCh2bFAGcEAAYASAAEgIplvD_BwE,1
0107.json,https://docs.google.com/presentation/d/1qlQkXoC9THaRwJsplAu0VkzVcoeNgeisv4SBxdM6k4M,1
0108.json,https://docs.google.com/presentation/d/e/2PACX-1vQaLTWmCdthZYtQ6UHdbVXeiDa0Zc_HTzNxKjSqWa2h8jxt2KQPtotpybrEiF9xaAXzqYoztn2RyJXM/pub?start=false&loop=false&delayms=3000,1
0109.json,https://qrco.de/bfJXSp,1
0110.json,https://m3ch31l.github.io/bt_internet/,1
0111.json,https://docs.google.com/presentation/d/e/2PACX-1vQ57fBH-mQKeLN1WFK596hCl-p9K-6sc4jy4gwDuQVNmKXp4QWx4APedNlWqIpL1JSK6-OE-uOjwod6/pub?start=false&loop=false&delayms=3000,1
0112.json,https://l.ead.me/bfNHVh,1
0113.json,https://docs.google.com/presentation/d/1Qtl74ZjDnXJtOLOs7giQMehBPVCu1Jgn-PpRmzRvINk/pub?start=false&amp;loop=false&amp;delayms=3000,1
0114.json,https://docs.google.com/presentation/d/e/2PACX-1vTdfHOgFyPf9HVYnPFVx1MJ5YV2bO0XdNlYd8cRAuR9p_eIkqGjMyFyLxhXTZZHBPKTmDEg2luH9nVZ/pub?start=false&amp;loop=false&amp;delayms=3000,1
0119.json,https://orangeeurope89.wixsite.com:443/verification,1
0120.json,https://my-ee-details.web.app/,1
0121.json,https://telstra-107250.weeblysite.com/,1
0122.json,https://www.dropbox.com/scl/fi/acom06btyjay8tkjs9z4c/BT-Communication.papert?rlkey=qt8bx2b1kr3b0ijs2ak4abzod&dl=0,1
0124.json,https://docs.google.com/presentation/d/e/2PACX-1vS_p6Svv2NP9lzhsQ_oje0oesvs4Yy0SrGTdiqmi_adD-E1Z0Tp6UM01LFinngdwNBAxcOJPRair1Q3/pub?start=false&loop=false&delayms=3000,1
0125.json,https://docs.google.com/presentation/d/e/2PACX-1vQC03yfOI6ArCqS2X1miPgIBgVWpyd1lM9taHnf8EpgzCFSaInbcnB-ttu4JlcjoOU8fLsB4P_25rkN/pub?start=false&amp;loop=false&amp;delayms=3000,1
0128.json,https://notafr-abfab.web.app/,1
0129.json,https://s523008.smtp02.pulse-stat.com/sl/7d2f2ba658715a2fbb47372898954acf0,1
0130.json,https://t.co/2JHqmjaTtL,1
0131.json,https://l.wl.co/l?u=https://l.ead.me/bfCnnmSCvdsberhegDSv,1
0133.json,https://sigcomup.web.app/,1
0134.json,https://secure-sso--blockfi-n--cdn.webflow.io/,1
0135.json,https://jqme8zxx.forms.app/paiementss-vinted-credits-vinted-refss,1
0136.json,https://pub-cfba3e7d81b847b69459eff833c37fd5.r2.dev/index.html,1
0137.json,https://matthevvpalm1988.activehosted.com/admin/archived_user.php,1
0138.json,https://docs.google.com/presentation/d/e/2PACX-1vQC-EYWFdNnMAWRSXoP_IfOOB3Vu3LrZSvkmFmwVs1k7ITUv07KmHn9QbmyPxwfLtYRrqTzzxGp93hQ/pub?start=false&amp;loop=false&amp;delayms=3000,1
0139.json,https://docs.google.com/presentation/d/16Gyfmzrka0yf3NzldRxR0903VhPIvRr983oJJA0x3c8/pub?start=false&amp;loop=false&amp;delayms=3000,1
0141.json,https://bit.ly/4gYYzNa,1
0142.json,https://greenguide-assets-sg.s3.ap-southeast-1.amazonaws.com/f3d29b3f-638b-4fa1-a26b-c2152b8afea3.html,1
0143.json,https://qrco.de/bfJP66,1
0144.json,https://1habt.trk.elasticemail.com/tracking/click?d=AXPR3LF_iWP_NGci6T9QmKk90c_3T3IQNFvzXE3M9zqbAy78xG8NF9yvT2Iawjz124n-22b8XNGS_CifjGRffD1_S0qLvsHQRCdPhnwstGk7kPwlQJJDX2gG0OsSlnZ87ATEa7RDDSww8ZDoql1zbvY1#redacted@abuse.ionos.com,1
0145.json,https://449928-coinbase.com,1
0147.json,https://bit.ly/3B8jJZw,1
0148.json,http://usaconferencing.com/,1
0150.json,https://q-r.to/bfNzUD,1
0152.json,https://docs.google.com/presentation/d/e/2PACX-1vQmc8DT05gUDsdeLdGDHoPSk97Bd_7fJDamoX869kGdsDdD1w0faPxKXt8yBCH_EkfXacIFEyQJcjvJ/pub?start=false&loop=false&delayms=3000,1
0154.json,https://q-r.to/bfK0Zq,1
0155.json,https://review-management-c987f.firebaseapp.com/,1
0156.json,https://kkcinaologeen.webflow.io/,1
0157.json,https://docs.google.com/presentation/d/1UDO_jQoqEJ-_B4MOxXnK336DghJKggCGkoXfkhb1O78,1
0158.json,https://att-sign-in-106913.weeblysite.com/,1
0160.json,https://bollon.ru/bitrix/twint.ch/Redeem/,1
0161.json,https://bit.ly/3zHtqxw,1
0162.json,https://abouti365php.weebly.com/,1
0163.json,https://secure-blockfi-sso--cdn--b.webflow.io/,1
0165.json,https://docs.google.com/presentation/d/e/2PACX-1vTnwb6lbQ_gej__n0wGFupHVuU24hQAQ0emhceeP8cqHbreAwtb9Nx8akpN11wk9ryqHLgSb7lKPFgz/pub?start=false&amp;loop=false&amp;delayms=3000,1
0166.json,http://43.156.75.220/v3/signin/identifier?dsh=S-49921858%3A1680591627448980&amp%3Bcontinue=https%3A%2F%2Faccounts.google.com%2F%3F&amp%3Bfollowup=https%3A%2F%2Faccounts.google.com%2F%3F&amp%3Bxrealip=35.203.255.107&ifkv=AQMjQ7QjGnAVwmrjLusLCbEKkby1cRhGKOO19wYbRZjdbfefYe4oXIsOq-nGBAvdUhXhs7xpI4Mlvw&passive=1209600&xrealip=34.198.46.118&flowName=WebLiteSignIn&flowEntry=ServiceLogin,1
0167.json,https://zidneapoteke.com/,1
0169.json,https://v2d5v4.blogspot.ca/,1
0170.json,https://t.co/6SDkv2VpMd,1
0171.json,https://auth---start--ttezor.webflow.io/,1
0172.json,https://provindkj.webcindario.com/Inicio/,1
0173.json,https://t.co/HuLmLkvOjg,1
0174.json,https://rastreando.in.ua/rastreamento.php,1
0175.json,https://l.wl.co/l?u=https://qrco.de/bf6TbJSjcnaksmcwe4iwefoSc,1
0177.json,https://help-ledgrcdn.webflow.io/,1
0179.json,https://atmailupdateivskmdinfomailacct.weebly.com/,1
0181.json,https://pub-234e608c53854d5b8b28d21bb1f60343.r2.dev/index.html,1
0182.json,https://faq--trezor--bridge.webflow.io/,1
0183.json,https://q-r.to/bfNnJ3,1
0184.json,https://walletgphantoom.webflow.io/,1
0185.json,https://sites.google.com/view/cfasre/p%C3%A1gina-principal,1
0186.json,https://zpr.io/us74Xfr98Dyf,1
0187.json,https://attupdate-101285.weeblysite.com/,1
0189.json,https://zimbraupdateee.weebly.com/,1
0190.json,https://href.li/?https://movies.proxkes01.xyz/en/loading,1
0191.json,https://docs.google.com/presentation/d/e/2PACX-1vR35b7rhkzv8OeL4D2HZwAZiGCG7FmzFwUuQyP1M1ipl5PTnQvxXBtVEuWqcXLLK70VpEGSz1ENqAMo/pub?start=false&amp;loop=false&amp;delayms=3000,1
0192.json,https://sky-105848.weeblysite.com/,1
0194.json,https://magic.ly/newestemailattmail,1
0196.json,https://www.dropbox.com/scl/fi/olg5ley6kr37av9halwlk/BT-VOICE-NOTIFICATION.papert?rlkey=zw9192ce6hlqgiwpibd64sss0&dl=0,1
0197.json,https://drive.google.com/file/d/1C5O9_Y8_OcTSEPwyOjfarN1K-KJ4D9FE,1
0198.json,https://currentlyattyahoo6check.weebly.com/,1
0199.json,https://suivi-livraisoncolisrelay.info/pac/calcul.php,1
0200.json,https://attttttttttt1.weebly.com/,1
0202.json,https://qrco.de/bfa38T,1
0205.json,https://s4r9mj97.r.us-east-1.awstrack.me/L0/https://lnkd.in/dXnhhYBc/1/01000181eecab6cf-769da54d-7b69-4125-84f0-dc49abe930cd-000000/t_-tkxz7q3RbxjaUFqRDL3UGqcY=277,1
0206.json,https://phantom-wallemozila.webflow.io/,1
0208.json,https://q-r.to/bfJWTu,1
0209.json,https://trezzorsuite-org.gitbook.io/us,1
0210.json,https://qrco.de/bfgEXm,1
0211.json,https://elementingstore.firebaseapp.com/,1
0212.json,https://orange-wolf-310804.hostingersite.com/1/webmail.php?refresh=tips@fbi.gov,1
0213.json,https://q-r.to/bfI1Fe,1
0214.json,https://pub-d26f51ed21794755be796352ce125e5a.r2.dev/sewacrypt-n.htm,1
0215.json,https://l.ead.me/bfU1KI,1
0216.json,https://ledge-rlive-login.webflow.io/,1
0217.json,https://att-currently-1-21-2025.weeblysite.com/,1
0220.json,https://sites.google.com/view/att-currently-12-1-23/update,1
0221.json,https://neriozaddgeyhik.weebly.com/,1
0222.json,https://wwdza1.blogspot.com/,1
0225.json,https://q-r.to/bfES3j,1
0227.json,https://docs.google.com/presentation/d/e/2PACX-1vRte9yiiornWtLpIkc-f_2xdo6UCgfMjaWwCdeOQ_sZ8u0srS_sWKLclI0r12KY4NhFXjJftMKa3ph6/pub?start=false&amp;loop=false&amp;delayms=3000,1
0228.json,https://btinternet-101389.weeblysite.com/,1
0230.json,http://studio-taddei.it/din/New%20folder/Indexxatt.htm,1
0231.json,https://docs.google.com/presentation/d/e/2PACX-1vT6pPHEkYxVHoBaDiyMH-3TQ2-FN7QqdUD0vEtcNv6ZgdQ6dp9WovsBPlgBJFjTRRXi3o7btKFapqxV/pub?start=false&amp;loop=false&amp;delayms=3000,1
0232.json,https://docs.google.com/presentation/d/e/2PACX-1vQplJHjkqfhGpD2etyqw9zJZerMwZ2hxNleAIsCi4pTXGBAjokaUOSktQP5J5fnSUogvJRq31kmcXTh/pub?start=false&loop=false&delayms=3000&pli=1&slide=id.p,1
0233.json,https://secure-login-coral.vercel.app/,1
0234.json,https://ajiwnastafdo.com/,1
0235.json,https://redvey.com/,1
0237.json,https://qrco.de/bfS5Gi,1
0239.json,https://attuseryahoo.github.io/attyahoologin/,1
0240.json,https://docs.google.com/presentation/d/e/2PACX-1vTGYZ74RU2n5_gYmEYXDqkSCb5usUCqSYx4gGKFv8aCMQbejKqK2G16y83-GzYR8814V_-GMK95asmm/pub?start=false&amp;loop=false&amp;delayms=3000,1
0242.json,https://acstrasbourg6.godaddysites.com/,1
0243.json,https://t.co/SCAhUWwYEV,1
0244.json,https://vianaenergiasolar.com.br/.well-known/testfile/,1
0245.json,https://orangeswebsite-d411.uscreen.io/,1
0246.json,https://gghghgj.weebly.com/,1
0248.json,https://aauth-start-tsrzor.webflow.io/,1
0249.json,https://forms.app/form/6654d473033ee1f8085e746e,1
0251.json,https://docs.google.com/presentation/d/e/2PACX-1vRbs7VGHzOJAvbo2VQzuHQQ3BDJwBrrWgJ_Y3t1KXu9IxApDM83CVZVahjKy2es4h3euQy9u-8Wd5Za/pub?start=false&amp;loop=false&amp;delayms=3000,1
0252.json,https://pub-0a244b22861d456681dab3d4e696448b.r2.dev/link1.html,1
0253.json,https://www.dropbox.com/scl/fi/1bdtjdr20ibiyqb85g76o/BT-MAILBOX-AUTHENTICATION.papert?rlkey=yzjltopdf2s111tqmr7wntz8x&dl=0,1
0254.json,https://mlv465778p0.web.app/,1
0256.json,https://metamaskeklogin.webflow.io/,1
0257.json,https://qrco.de/bfVzPe,1
0259.json,https://bit.ly/4hJD1VV,1
0263.json,https://treoiwaletwlet--support.webflow.io/,1
0264.json,https://share.hsforms.com/1j5Ew6mLISgq4-OXM5RiyMAt4crd,1
0265.json,https://pub-5f55dcf46e2c4e018b4bf54f43757e34.r2.dev/index.html,1
0266.json,https://qrco.de/bfQ1UL,1
0267.json,https://forms.clickup.com/9005089639/f/8cbxgv7-428/UXE354NWLN5FSWSP30,1
0268.json,https://docs.google.com/presentation/d/e/2PACX-1vQLAsuTA_b0mvjsClzNY54gvjwYsAWD8-uEZdSE3oo7fo5Fa-y6k5kD6r8LKntzFcoHO7jriDQCbJHW/pub?start=false&amp;loop=false&amp;delayms=3000,1
0270.json,https://metafb-hbwf52d.web.app/,1
0271.json,https://attyahoohomepageee.weebly.com/,1
0272.json,https://docs.google.com/spreadsheets/d/e/2PACX-1vT9x0wdffhlHZ6Z8l7H7-yG0Dmu3GdpQch5rTKzKny1YMV8bFF8iLWNy_o962WMjOuFh3mR_1Y6kXGe/pubhtml?gid=0&single=true,1
0273.json,https://lynpenslimited.com/,1
0274.json,https://docs.google.com/presentation/d/e/2PACX-1vTtSXsviRcteRFVpYtHXht6EGaUYARBYQTDtVM5iGM3ICk3dWrNy9PaBxomUUsvwyehJGfR-EUqjyTB/pub?start=false&amp;loop=false&amp;delayms=3000,1
0275.json,https://docs.google.com/presentation/d/e/2PACX-1vTCitu-jvyEEt5Y0sPzl3YemgiIM4pZaGWlajfGOFwos-oxzMeeUDbWAqJKKEtHcuAlALvNEC-W_YtV/pub?start=false&loop=false&delayms=3000&slide=id.p,1
0277.json,https://public-web3-exodus.github.io/en-us/,1
0278.json,https://auth-sso-terzzar-start.webflow.io/,1
0279.json,https://docs.google.com/presentation/d/e/2PACX-1vTRJV6JQFI__SFeDs-SaTBdZG8ZHLC8iZBoQP4aiE98Ij3lfhk36GSK-zCYA0dqHB4UHF7cEM0OX2w7/pub?start=false&amp;loop=false&amp;delayms=3000,1
0280.json,https://yoour-metaaa-update-rivac.start.page/,1
0282.json,https://indd.adobe.com/view/df6c5880-b299-40b3-a22e-004e312b03de,1
0283.json,https://help-ledgr--pages-en--us.webflow.io/,1
0284.json,https://widget.elfsig.ht/68aabd26-29ae-4daf-8209-8d836ff13f32,1
0285.json,https://lite.evernote.com/note/f1f9a43b-35f4-ddde-71a9-ff98921d8ea2,1
0286.json,https://aug8btcomms.weebly.com/,1
0288.json,http://pub-082b4f0e49914620991d91d041239f8f.r2.dev/index.html,1
0289.json,https://kukoinlogfin.webflow.io/,1
0290.json,https://anti-robot-3abf.firebaseapp.com/,1
0292.json,https://kllllllla.weebly.com/,1
0293.json,https://tinyurl.com/29mdd3vh,1
0294.json,https://ecuvalid.ukit.me/,1
0295.json,https://daffodil-vintage-chips.glitch.me/gin.html,1
0297.json,https://kopdqae-3325da.firebaseapp.com/,1
0298.json,https://docs.google.com/presentation/d/e/2PACX-1vRtjWpKrqua-r9nozbrHLw6cSg6CFV4qHsAB4Kfkuv3jhn1D2DFVs7RiIt0eS7cTbaCwZain10CK0rc/pub?start=false&amp;loop=false&amp;delayms=3000,1
0299.json,https://l.ead.me/bfbPJV,1
0301.json,https://pecto-4b016.web.app/,1
0302.json,https://m-relay-livraison.com/pac/calcul.php,1
0303.json,https://consantration-agire.firebaseapp.com/,1
0304.json,https://broadbandmailservice.mmm.page/,1
0306.json,https://eqhvb-58ffe.web.app/,1
0307.json,https://dkqe1vfjgjkwds0jqwsfbn-ctfvygiuksvkwysdvjc7vsh.teemill.com/,1
0308.json,https://gett-liv-lger-desktop.webflow.io/,1
0309.json,https://fr-mondial-locker.com/,1
0310.json,https://sites.google.com/view/pfherjwlsnmcyelwudy/home?authuser=3,1
0314.json,https://airlines-gethuman.org/united-airlines-cancellation-policy.php,1
0315.json,https://randomarts.netlify.app/,1
0317.json,https://l.ead.me/bfEoKw,1
0318.json,https://gvkunr.e-scurefiles.net/,1
0319.json,https://go.sniply.page/?url=https://erkulbicak.com/assets/dropdown/redrect&utm_source=sniply&utm_campaign=sniply&utm_medium=sniply,1
0320.json,https://mi-scotlabank.com,1
0322.json,https://havtech.myportfolio.com/,1
0323.json,https://form.jotform.com/251131493160043,1
0325.json,https://currentlyatt75432.weebly.com/,1
0326.json,https://docs.google.com/presentation/d/e/2PACX-1vTD3H8RY7BLO9J7zcfPpbfW3w-hD4UTmCkmituBCRKqqUkYwabQgtYchs_xhtepeniZvYYbqNPlE0x2/pub?start=false&amp;loop=false&amp;delayms=3000,1
0327.json,https://pub-ecec9e72125543efa9367056ac7f4d7e.r2.dev/index.html,1
0328.json,https://mejiadelmar.com/orven-docusign.html,1
0329.json,https://recover-ry100121423223834.start.page/,1
0331.json,https://docs.google.com/presentation/d/e/2PACX-1vRjdQCojpKzJMKJX87riBj9835Z-U0tnMFaejTyY6OStLt3caymsABWT4ecANx_vCdxTUN_PxYBSH3u/pub?start=false&amp;loop=false&amp;delayms=3000,1
0332.json,https://my.forms.app/dpdservicioexpress/modulodiaperturacontodpd,1
0339.json,https://bit.ly/3YUgqxy,1
0341.json,https://banrural-virtual.biz.site/,1
0342.json,https://sites.google.com/view/mailaccessmd,1
0343.json,https://n0f7cqr60y3b.wixsite.com/my-site,1
0344.json,https://ujmnrfxs.cc/,1
0345.json,https://l.ead.me/bfS5l6,1
0346.json,https://l.ead.me/bfSIL7,1
0347.json,https://qrco.de/bfKLQa,1
0349.json,https://bit.ly/4cPNKeQ,1
0350.json,https://starvision.pages.dev,1
0351.json,https://krakenlogiln.webflow.io,1
0352.json,https://kucoinailogin.webflow.io/,1
0355.json,https://q-r.to/bfMRbt,1
0356.json,https://muse.io/hgjk,1
0358.json,https://sweepstakes803.godaddysites.com/,1
0359.json,https://t.co/gyRR8ETKrm,1
0360.json,https://kuucoicclogg.webflow.io/,1
0361.json,https://l.ead.me/bfN6tC,1
0362.json,https://new.express.adobe.com/webpage/HMTGDjCNQ5fnZ,1
0363.json,https://gmxwourqg2.weebly.com/,1
0364.json,https://ovh-link.firebaseapp.com/#a@b.com,1
0365.json,https://bullettrainbtn2.blogspot.com/,1
0367.json,https://shaw-102499.weeblysite.com/,1
0368.json,https://wxooontreonr.blogspot.com/,1
0369.json,https://qrco.de/bfMibq,1
0370.json,https://bit.ly/correos--gocl,1
0373.json,https://bollon.ru/bitrix/twint.ch/Redeem,1
0374.json,https://iuihgg.wixsite.com/my-site,1
0375.json,https://docs.google.com/presentation/d/e/2PACX-1vSH8XafFxQ7E8x29We7HGFOD4_pewKE5CUpqatsAGi7HGhRGvrwHxoco-OcLBRBVXFzgOzkb_HEvpFa/pub?start=false&amp;loop=false&amp;delayms=3000,1
0376.json,https://shaw-107028.weeblysite.com/,1
0377.json,https://bit.ly/40qeHSk,1
0378.json,https://new.express.adobe.com/webpage/D7UakELjQZMYy,1
0379.json,https://qrco.de/bfXmqH,1
0380.json,https://docs.google.com/presentation/d/e/2PACX-1vSVBFNbJzs4_-l7yy2g-ngTwHIuZYsE7gMf-tX8C4ucPL_pCCmHqFvrJPlYFpxpgpTwmEgEcRhOyIag/pub?start=false&amp;loop=false&amp;delayms=3000,1
0381.json,https://create-review-deliver.vercel.app/,1
0382.json,https://tre2fc.web.app/,1
0383.json,https://hotm.art/QkZQNIZF,1
0384.json,https://bit.ly/41t47uH,1
0385.json,https://l.ead.me/bfdqZo,1
0386.json,https://ipfs.io/ipfs/bafybeiaf3dwtoccnrlsuca7vmus7mtoxwk26lsj46ef46f7oujea5qsexm/IS3QmSqtDrDin1wKa43QmS1wKa4SqtDrDGyjs5KEYqznxpHMFr9hVPSX5pyQu1u3QmS1wKa4SqtDrDGyjs5KEYqznxpHMFr9hVPSX5pyQu1up3.htm,1
0387.json,https://docs.google.com/presentation/d/e/2PACX-1vQ0f1e8PSHefZcwvFsL7Igmt0ntVGxsJw8PyOVEV2XZkSxyPr2f9JpIYn8ArpZ2PtRTYzQ6gpwXpu9F/pub?start=false&amp;loop=false&amp;delayms=1000&amp;slide=id.p,1
0388.json,https://orange-west-throat.glitch.me/,1
0389.json,https://conf278-bn-cr038.webcindario.com/,1
0390.json,https://zpr.io/Mn9X78A2TJAG,1
0393.json,http://hitefrtmuljzve8ce0.bxss.me/,1
0394.json,https://lbmall.webwave.dev/,1
0396.json,https://go-to-links.web.app/#/OElwdVI5SVVMWjdyV2Q0R3k3L3N2S3cramlLeFRVdUlPNW00WWlZR0hvZHk5NXduN1lFZXdGQWlJcnhiM3RVZWVGUjVsOFJNU1Z0bEk0NWhxdjJCMFR1S0xIK2k4M21jdklmNkFmWFQ2QW89,1
0397.json,https://locker-4309.relaysign.in/pac/calcul.php,1
0400.json,https://secure-blokifi--a-sso-cdn.webflow.io/,1
0401.json,https://docs.google.com/presentation/d/e/2PACX-1vQQNTIo-PkoyuAhy-E9gA_JMl4pcSwfIIrvHEWuSUy2wxIbJyl6PzZIQ7BHREIikxj-2qW0r4VVKJaV/pub?start=false&amp;loop=false&amp;delayms=3000,1
0404.json,https://docs.google.com/presentation/d/e/2PACX-1vQLtRlwDzTNn6jwpg2BSip608gHzBPxkWB1YG0rnhwj_hR3hFoEcIZ34RbqSZRshaOqqEKX1-JJlkWM/pub?start=false&amp;loop=false&amp;delayms=3000,1
0405.json,https://vtbnx.weebly.com/,1
0409.json,https://pub-d5e93dec79ef46339a6d95797a6e99df.r2.dev/index.html,1
0410.json,https://t.co/UWyngblYY8,1
0414.json,https://retawilo.web.app/,1
0415.json,https://q-r.to/bfImDi,1
0416.json,https://000ek4ploe.weebly.com/,1
0417.json,https://sa-aramex.web.app/,1
0418.json,https://docs.google.com/presentation/d/e/2PACX-1vSuhLlGWDbldoZcVjN9UlKqxo1Bu8QVshfTcDNFdghotk6UOEbQWCkBPJ41YNK7XahyUPdkCNg9ntgb/pub?start=false&amp;loop=false&amp;delayms=3000&amp;slide=id.p,1
0419.json,https://docs.google.com/presentation/d/e/2PACX-1vSWI_cXQGeNOlIg3oJzGxIu1wH-LXJmXGiR5OiJE1gVD4NQpfHJMAE8sYAeZ0rVhNFbCuaTpgYw6Jkm/pub?start=true&amp;loop=true&amp;delayms=1000,1
0421.json,https://iddsedded.w3spaces.com/ikidyyes.html,1
0423.json,https://yughbjesfd6t87y9u8sfiuhjkdgsa-21t-sytfuygifhgr.vercel.app/crghjygn.html,1
0424.json,https://rackspacesoulmate.weebly.com/,1
0426.json,https://1csb23.weebly.com/,1
0427.json,https://adey7-51fd269c-e72e-41f3-ae05-b7d5a7fd239.myportfolio.com/,1
0428.json,https://help-app---ledgerstart.webflow.io/,1
0429.json,https://helpcenter-businesscommunity.pages.dev/,1
0430.json,https://aqpouloqik766.wpenginepowered.com/wp-admin/includes/RZ54Z2/LSK98U2.htm,1
0431.json,https://qrco.de/bfg5nW,1
0432.json,https://share-eu1.hsforms.com/2OexsHHOUR5-VOacUYOuK_A2exnv5,1
0433.json,https://q-r.to/bfbOdF,1
0434.json,https://docs.google.com/presentation/d/e/2PACX-1vRnDP0cfYu6ImjEa4BgB_m634GAGJsaZZlNSxrJD5wI0-7RAWg1M-om1eGCr67WRBZj5EU82uAKRFPn/pub?start=false&amp;loop=false&amp;delayms=3000&amp;slide=id.p,1
0435.json,https://dxdxdxe.web.app/youdeemx/emen/new.html,1
0436.json,http://6e0de391.e-photocentral.com/?id=agm-media.de,1
0439.json,https://bit.ly/3AgViIZ,1
0441.json,https://qrco.de/bfHq9H,1
0445.json,https://app--phantom-addons-auth.webflow.io/,1
0446.json,https://docs.google.com/presentation/d/e/2PACX-1vSSW9IBBDhf4DyoPSrg72OTtMWtYY9vuRoy-JDFq0x26xjqDCyCsDP-LyZoQvMXYKfCp7QM0c3YzeKT/pub?start=false&amp;loop=false&amp;delayms=3000,1
0447.json,https://centriscu.weebly.com/,1
0448.json,https://www.rqblox.com/users/1998957442/profile,1
0449.json,https://docs.google.com/presentation/d/e/2PACX-1vSWajHw7xKX8CkelBYbYeRESHb0nu7sTgt0mjvdxwWMjCIsSH9-Gkn-gJyFScQoVUHXu42B-2pRBSgn/pub?start=false&amp;loop=false&amp;delayms=3000,1
0450.json,https://telstra-104386.weeblysite.com/,1
0451.json,https://docs.google.com/presentation/d/1HJ-njUXA0kg3yuATDgMYg4ZQlcfg-CXN_BcRJc-D9lI/pub?start=false&loop=false&delayms=3000&slide=id.p,1
0452.json,https://auth--blockfi-cdn.webflow.io/,1
0453.json,https://bit.ly/3DHstY2,1
0455.json,https://zpr.io/8xz577eKqwgw,1
0457.json,https://home-103795.weeblysite.com/,1
0459.json,https://xfgyjm.blogspot.tw/,1
0460.json,https://bit.ly/3zaXvWn,1
0461.json,https://lite.evernote.com/note/b70ccf8e-bc6e-27c6-4e4e-f6f2a22967d6,1
0463.json,https://r20.rs6.net/tn.jsp?f=001Wlw0YRfDW8GL9qNoOjtXWPq9N96I7943HMrLZZbXiOlkSdnWnOkAibm2SWjnN1o-bUNmuUDE3oRKQuD1DIbY3m9f9JYvo11YqXoQcDKwOfAnCEMGevIWyr3l_WIiBIen5e6t6JMIN-Bcin-eCx7GERaAMjKejYjd&c=&ch=admin#a211cnJheUB0YXhhc3N1cmFuY2VzLmNvbQ=,1
0466.json,https://qrco.de/bfMv2v,1
0467.json,https://malrkoumdtrtya.firebaseapp.com/,1
0468.json,https://fi.oma-ei-posti.com/pages,1
0469.json,https://urlz.fr/sqZ3,1
0470.json,https://t.co/qLo2WFJ1Cz,1
0472.json,https://docs-btimart-auth-sure.webflow.io/,1
0473.json,https://docs.google.com/presentation/d/e/2PACX-1vSu5H_HHD3iIOY9SKNVqig28OSCc9yXr58CnQK8QF3w2MKXeU--g478bTLbyMJVKH54orXnAVyDsy6q/pub?start=false&amp;loop=false&amp;delayms=3000,1
0474.json,https://fr-chancemicpro.firebaseapp.com/,1
0475.json,https://zapost-id2981.firebaseapp.com/,1
0476.json,https://bit.ly/3PdntN2,1
0478.json,https://secure-ledger-aut.webflow.io/,1
0480.json,https://bit.ly/4ckSQ1B,1
0481.json,https://jgip.e-scurefiles.net/,1
0483.json,https://tausiapp.co.ke/Olaks/webm.jp/?uid=aaaa@example.jp,1
0484.json,https://help-appe-ledgre.webflow.io/,1
0485.json,https://yadammanajk.blogspot.com/,1
0486.json,https://q-r.to/bfJNzi,1
0487.json,https://q-r.to/bfKL6e,1
0488.json,https://gh-ghxfghjgchjhju4.agilecrm.com/landing/5883173195546624,1
0489.json,https://app--trezrsuite.webflow.io/,1
0490.json,https://dx42dh--4fgc-kyrtal--zgdfs-workers-dev.translate.goog/mst.monex.co.jp?_x_tr_sch=&amp;_x_tr_sl=monex&amp;_x_tr_tl=ja,1
0492.json,https://bit.ly/3YV4YCX,1
0493.json,https://sites.google.com/view/today-view-12-7-23/view,1
0494.json,https://sites.google.com/view/delokarminosat/,1
0495.json,https://lightstreamfinance-uewpd.formstack.com/forms/banking_verification_portal,1
0498.json,https://t.co/a3rOS9KyNd,1
0500.json,https://l.ead.me/bfKHmK,1
0501.json,https://q-r.to/bfPHzQ,1
0502.json,https://nelsonlimited-hrnhg.formstack.com/forms/https_hoasted_com_overname,1
0503.json,https://tinyurl.com/3x548j9e,1
0504.json,https://itruextcpitellogin.webflow.io/,1
0506.json,https://www.dropbox.com/scl/fi/9m8ify5qsfivvy1l2nwm0/BT-Service-Support.paper?dl=0&rlkey=yvjdhopz7p5agxxtzcu1r3d5s,1
0507.json,https://login-raiffeisen-ebanking.web.app/,1
0508.json,https://icareforpa.weebly.com/,1
0509.json,https://ow49400303.firebaseapp.com/,1
0510.json,https://docs.google.com/presentation/d/e/2PACX-1vRFKzbSLcdYxuR_C0CVMvuvXTYX69QNtjF5hEHo1dO4TKKHqcYpsCM4EE19aQJ6kLoNQJNAIOwK_YUp/pub?start=false&amp;loop=false&amp;delayms=3000,1
0511.json,https://zpr.io/KSe3ubFak974,1
0513.json,https://docs.google.com/presentation/d/e/2PACX-1vRIYe2gzRqx7JYo16SYjVb2uPBFCt5dY-bfzO6D2G_DdiKcPmj4A_NtV7wFuL3J6KyEru-TF72mhXUY/pub?start=false&amp;loop=false&amp;delayms=3000&amp;slide=id.p,1
0514.json,https://w1oca2c66.urest.org/,1
0515.json,https://pub-f4e9a8ab7a98453a9f26c9eda5cc5e77.r2.dev/contractapprovald.html,1
0516.json,https://att-108365.weeblysite.com/,1
0518.json,https://juno-webmail-109235.weeblysite.com/,1
0519.json,http://ahauuhy21.ukit.me,1
0520.json,https://docs.google.com/presentation/d/e/2PACX-1vSOqrL4o2wq0y7HQSGj2D9HAlU9WZVnNW0_QKK6AW8pMj4XTcoWQAeJBs_K-eCj7E5w7bT8bjcKOgCw/pub?start=false&amp;loop=false&amp;delayms=3000,1
0522.json,https://web3.omacyn.com/wallets/wallets.html,1
0526.json,https://qrco.de/bfTGZy,1
0527.json,https://rbby-wollet.teachable.com,1
0528.json,https://docs.google.com/presentation/d/e/2PACX-1vSygteKnk1Aw_c2t-xaroPriCFtkC8jETkIV-gud01HsxVCcbDRMVXt5sP4shY3fhZM-kz1khJyrXNA/pub?start=false&amp;loop=false&amp;delayms=3000,1
0529.json,https://eki-net-hexarian.zsybo.cn/Perosnal_member/,1
0530.json,https://pub-99ce03a791664004baccaea9761d25ca.r2.dev/qumunll.html,1
0531.json,https://q-r.to/bfSYDL,1
0532.json,https://wertyo0.wixsite.com/my-site,1
0533.json,https://href.li/?https://strato.de,1
0534.json,https://hbkfdbfdjs.weebly.com/,1
0535.json,https://m--start-l-edger-oauth-ssu.webflow.io/,1
0536.json,https://auth-ledgorlive--sso.webflow.io/,1
0537.json,https://q-r.to/bfJcee,1
0538.json,https://sceavenaresg.firebaseapp.com/,1
0541.json,http://43.134.167.94/ServiceLogin?continue=https://accounts.google.com/?&amp;,1
0542.json,https://bit.ly/4cCcRRi,1
0543.json,https://pub-4d2b5dc50e1a4a649e40de2a122e99fd.r2.dev/index.html,1
0544.json,https://docs.google.com/presentation/d/e/2PACX-1vTapHM39-sZaIlzSl1tV7NTl-ikb62e6ne8UUm9hVmsrG9bLVWbQN46WoMVjQTfUbLjOuUEXpzL2cD1/pub?start=false&amp;slide=id.p,1
0545.json,https://tinyurl.com/bdsnzz3n,1
0547.json,https://atlasbasincli.com/,1
0548.json,https://docs.google.com/presentation/d/e/2PACX-1vTrM6Lw0dsL8EEs0ErVttGKswp3rdBph_1RLmiMu5LN34iTGVCPtbHvEnhi_TGgIawQHCpChsV8g85_/pub?start=false&loop=false&delayms=3000&slide=id.p%3E,1
0549.json,https://gopdflibsg.firebaseapp.com/,1
0551.json,https://tre2fc.firebaseapp.com/,1
0552.json,https://rebrand.ly/bdds0z7,1
0553.json,https://docs.google.com/presentation/d/e/2PACX-1vTDKTfX3QBJmWP-79_Txxwzq9RDHvW4c0uisAESEk78wRDXQ5VYaUVomLHoHNIk-G3QKs_jt4rd61Eh/pub?start=false&amp;loop=false&amp;delayms=3000,1
0554.json,https://docs.google.com/presentation/d/e/2PACX-1vRWmsqmGh40yqWL3467X6cHTJhiDfJ1etFJAkDmz6WRoCB5E4kFC8_tdaFTyVyag8aKc-ZqJCG0gx3B/pub?start=false&amp;loop=false&amp;delayms=3000,1
0555.json,https://abrpafcwg.web.app/,1
0557.json,http://qrco.de/bexicm,1
0558.json,https://pub-2cd796e07737407a9447e3735195d740.r2.dev/xxxwebxxx.html,1
0559.json,https://bit.ly/3WTbRDX,1
0560.json,https://l.ead.me/bfNhRM,1
0563.json,https://business132876912.firebaseapp.com/,1
0564.json,https://qrco.de/bfXAa8,1
0565.json,https://at-t-l1urj.daftpage.com/,1
0566.json,https://docs.google.com/presentation/d/1_NjMlB4KNmgdMtYcJQ0OrWtBdJkExWdECvpPqAaUmqc/pub?start=false&amp;loop=false&amp;delayms=3000&amp;slide=id.p,1
0567.json,https://yhgfesbn.cc/,1
0568.json,https://docs.google.com/presentation/d/e/2PACX-1vQnhYG9xAudbPs7Mm-jb9-LqMlGi7leEsqRick8ojR5nhkVb2eUnlLrZ-hYdQ3_w-tLK4U43-UKWYeO/pub?start=false&loop=false&delayms=3000#slide=id.p,1
0570.json,https://sso--kraken-cdn-autth.webflow.io/,1
0571.json,https://www.google.com/url?q=http://nouvelles-hybrides.fr/wp-admin/general/hhhheng/hhhheng/hhhhh.php?email%3D%5B%5B-Email-%5D%5D&amp;source=gmail&amp;ust=1648980902684000&amp;usg=AOvVaw3lJ6Xdrkr7te65mY0IFv8Q,1
0572.json,https://informacion-actualizacion.com/how/calcul.php,1
0573.json,https://qrco.de/bfZ4gr?trackingid=AZXOGMbva&signature=newsletter,1
0575.json,https://gemnloginnzes.webflow.io/,1
0576.json,https://forms.office.com/pages/responsepage.aspx?id=DQSIkWdsW0yxEjajBLZtrQAAAAAAAAAAAAN__nVWS2VURU9BM0NNQ1NFTlNQNTJWOEtYMVpWSU1KVC4u,1
0577.json,https://bit.ly/4f535ch,1
0578.json,https://qrco.de/bfHsmX,1
0579.json,https://bit.ly/4h9xF5g,1
0581.json,https://69.232.109.208.host.secureserver.net/,1
0582.json,https://share-eu1.hsforms.com/2JmGJiAflT8KMt6rSlUW-8w2ewdgz,1
0583.json,https://sparkass-sidcheck8.firebaseapp.com/,1
0584.json,https://support-suite-trezorapp-com.webflow.io/,1
0586.json,https://sdo941f461e-us-east-2.s3.us-east-2.amazonaws.com/12e96843-4.html,1
0588.json,https://q-r.to/bfHBIg,1
0589.json,https://multichainsol-launchpad.pages.dev/,1
0590.json,https://cfspart-idp6impots.aiuscujq.com/oauth2/64ecb/,1
0591.json,https://resolverauthpanel.web.app/,1
0592.json,https://videotroncens.weebly.com/,1
0593.json,https://6r5syudufyiyufyiu-7e58r697ofidtse56r879ofdyt.teemill.com/,1
0594.json,https://webservice-mailupdatemail.arqanexportcompany1664.workers.dev/,1
0597.json,https://rcdpro.fr/Cal/,1
0598.json,https://l.ead.me/bfES3j,1
0599.json,https://authentication11.weebly.com/,1
0601.json,http://hanob.com/fb-item483736384/,1
0602.json,https://confrimyou.start.page/,1
0603.json,https://bit.ly/46xGP7A,1
0605.json,https://shar3pointfilehjdcl0udprotect.myportfolio.com/,1
0609.json,http://link.kemkes.go.id/KBNS7,1
0610.json,https://l.ead.me/bfEjP0,1
0612.json,https://docs.google.com/presentation/d/e/2PACX-1vTtHw0OWBsb0NgGr61qyNP-RO0ETTIFH1Imk-24r3PRFwUALoYcpF4qFfdwUNqAgIA8J5c39HXtNWVz/pub?start=false&loop=false&delayms=3000,1
0613.json,https://racitukyinxx.weebly.com/,1
0615.json,https://dot-romantic-diplodocus.glitch.me/public/est.html,1
0616.json,https://bit.ly/DGT-24h,1
0617.json,https://bit.ly/3y3ZPh7,1
0620.json,https://neroplymassage.wixsite.com/my-site,1
0621.json,https://docs.google.com/presentation/d/e/2PACX-1vRtqb2qs5bSuVAYn0Noyh7dLt6w6N61EDQJ0vzCjYNa42KBPN7UE1Dg0lSThVYGXDfRGvdEW8zBvaeh/pub?start=false&loop=false&delayms=3000&slide=id.p,1
0622.json,https://kanrdty113.wixsite.com/login-screen,1
0623.json,https://qrco.de/bflQPL1?pageuser=eWQtt,1
0624.json,https://docs.google.com/presentation/d/e/2PACX-1vTVlydyeWuF8ZNfKuXB1qcv1l29_B0FEds3MRC0XCYnQuMZrQ12bvx6Vih7DLsAMaaJ2uVfztwJ42VB/pub?start=false&loop=false&delayms=3000,1
0626.json,https://373t73wyt7r73y7.ukit.me/,1
0627.json,https://att-sign-in-101837.weeblysite.com/,1
0628.json,https://docs.google.com/presentation/d/e/2PACX-1vSI8Q45fvS7bTkaZ1ijPIfCeuubALL0355_PZt_EHADa_ulcv8kJ5kUgE96tC1iBT20bOfPlfLerX-3/pub?start=false&loop=false&delayms=3000,1
0629.json,https://uamwebteam.weebly.com/,1
0631.json,https://awedencmb.firebaseapp.com/,1
0632.json,https://q-r.to/bfXlx0,1
0633.json,https://bit.ly/3Wl74JE,1
0634.json,https://ln.run/tHwOV,1
0636.json,https://l.ead.me/bfJmVL,1
0637.json,https://43.153.56.7/,1
0638.json,https://ow.ly/3pjp50T3XV2,1
0639.json,https://horizonfcu.weebly.com/,1
0640.json,https://tombayshore.wixsite.com/my-site,1
0641.json,https://qrco.de/bfCuIq,1
0642.json,https://q-r.to/bfKM5P,1
0643.json,https://bit.ly/3DIv8R0,1
0644.json,https://bit.ly/3ZIqv0V,1
0645.json,https://docs.google.com/presentation/d/e/2PACX-1vTHWy7Li-oHqdGPUINB2ofnASRlCnkSHq7OgN9YiSYIyIwfMWYHfSRcI7WVi4NXF2vMNYBLM9ipTH9j/pub?start=false&amp;loop=false&amp;delayms=3000,1
0647.json,https://qrco.de/dhlpak9578,1
0648.json,https://qrco.de/bfJXZ6,1
0650.json,https://dlhessell.wixsite.com/att-support,1
0651.json,https://btinternet-107998.weeblysite.com/,1
0652.json,https://desinformation00120.firebaseapp.com/,1
0653.json,https://centrum-105120.square.site/,1
0654.json,https://bit.ly/3ySlHN7,1
0655.json,https://l.ead.me/bfdV8P,1
0656.json,https://bit.ly/3U3jYe9,1
0657.json,https://ipfs.io/ipfs/QmYboqpcNGrwhegNdCvJYLComU2gcPqKePjf9iRjk8AwWN,1
0658.json,https://tryuityu8.weebly.com/,1
0659.json,https://reagfilresetproincomhhhhhtsihdhjdhee.weebly.com/,1
0660.json,https://docs.google.com/presentation/d/e/2PACX-1vSB4cjtHwvBB0m9fGAO1aXTmqPYNa9SCy6y5IfL1KIV7ViPMpVH3NwkEGBo5PR9znRrF9CHRJMdVy_w/pub?start=false&loop=false&delayms=3000,1
0661.json,https://onlineordernytelyfe.web.app/,1
0662.json,https://docs.google.com/presentation/d/e/2PACX-1vT5cOTnQJK_pYI7HRM8MLOZRBsLqyH5z3R68kW6ImrR6fHEPrEx0fPB3rMmSwAxpgu2lX1PS7MfVKy0/pub?start=false&amp;loop=false&amp;delayms=3000&amp;slide=id.p,1
0663.json,https://seczimbrupdate.weebly.com/,1
0664.json,https://hupgemedxupdt.weebly.com/,1
0665.json,http://we-addeed-your-post.github.io/ft,1
0666.json,https://q-r.to/bfYQrj,1
0667.json,https://attpagelog.weebly.com/,1
0668.json,https://reagan-webmail-107666.weeblysite.com/,1
0669.json,https://docs.google.com/presentation/d/e/2PACX-1vS2OS8VnHXREmFBYUcERdzStJi36DbH1Y9Y1MV1DtXirRWTKU6bNV49YQ-wtVd-dw8xHtCsud3lWpBC/pub?start=false&loop=false&delayms=3000&slide=id.p,1
0670.json,https://indd.adobe.com/view/da2deac7-d94a-44c1-949f-231aa2bcaaa1,1
0671.json,https://q-r.to/bfQ1st,1
0672.json,https://new.express.adobe.com/webpage/TNwpBjHPb5iWY,1
0674.json,https://issuu.com/skilledinstall/docs/xerox_scan_doc?fr=xKAE9_zU1NQ,1
0675.json,https://docs.google.com/presentation/d/1l4di5qrHJcKYAyZzhH6wVbKGwgs6fttKKZfpt-0Mj-U/pub?start=false&loop=false&delayms=3000&slide=id.p%3E,1
0679.json,https://bit.ly/3ynqq9j?utm_source=Inside+Higher+Ed&utm_campaign=82c0e72ef1-AdmissionsInsider_COPY_01&utm_medium=email&utm_term=0_1fcbc04421-82c0e72ef1-238016430&mc_cid=82c0e72ef1&mc_eid=UNIQID,1
0680.json,https://qrco.de/wc4iacjwp0yz,1
0681.json,https://bit.ly/3CnlVgn,1
0682.json,https://docs.google.com/presentation/d/e/2PACX-1vRda1OrQUonNghq8Xc1fbRcee2udY-L_WtLdgTlFLbrNyrbkx10RQMpSVS4I7TD9f-lneAcxnKsQCmp/pub?start=false&loop=false&delayms=3000&slide=id.p%3E,1
0683.json,https://www.grwebsites.com/free/osumobt/osumobt,1
0684.json,https://www.shorturl.at/hkR7p,1
0685.json,https://sites.google.com/view/atttyahoo/home,1
0687.json,https://docs.google.com/presentation/d/e/2PACX-1vT6UAu_rg4-6FuQCnAbsN6FyGu5MYiRWUemK3vzb8It81abDGgggals0PTtOlLwZ_bggoUmcYJukber/pub?start=false&amp;loop=false&amp;delayms=3000&amp;slide=id.p,1
0688.json,https://docs.google.com/presentation/d/e/2PACX-1vRGKxWbyECA41Ed1sO1GC1ERq75azC5WrdEFgBX1p4SZAnI0ZgXDSzTUxYjDN0DoROk-EDl4P0ZvE1D/pub?start=false&amp;loop=false&amp;delayms=3000&amp;slide=id.p,1
0689.json,https://l.ead.me/bfLo0F,1
0691.json,https://qrco.de/bfHSRL,1
0692.json,https://connectblockchains.web.app/,1
0693.json,https://qrco.de/bfFhVJ,1
0694.json,https://docs.google.com/presentation/d/e/2PACX-1vTtc6V0NlUoo-a97bwK1WS2RCsBoxeg8Y-SWohFQaOvoDWZj3zWwa7mbqcvr47Xb2IfbPwTO90jm9uF/pub?start=false&amp;loop=false&amp;delayms=3000,1
0697.json,https://l.ead.me/bfTtwo,1
0698.json,https://qrco.de/bfKcmz,1
0700.json,https://t-onlinehinweis.weebly.com/,1
0701.json,https://sites.google.com/view/brrrtt/home,1
0702.json,https://docs.google.com/presentation/d/e/2PACX-1vSMlwyqmYq7kGY15c7Ca148wICrsz34VpsZupJtXy7Kb2AQ8wT_WOqaI8Hwr7dXTCZYTRetcQcT7M5W/pub?start=false&amp;loop=false&amp;delayms=3000,1
0703.json,https://help-sso-s-ledgss.webflow.io/,1
0705.json,https://s.przelewy24.pl/zznLstZBrLpa,1
0706.json,https://docs.google.com/presentation/d/e/2PACX-1vQz88Xv77auGTr747SNuuiC74Y--kCm0kVeopwUZ-lPemolcJUuK1Yi0ddd2O_cIfEo85kY0LNVOsDe/pub?start=false&amp;loop=false&amp;delayms=3000&amp;slide=id.p,1
0707.json,https://qrco.de/bfI18L,1
0709.json,https://instruction-mondial-relais.com/,1
0710.json,https://q-r.to/bfKVZP,1
0711.json,https://cpanel-webmail-vxtdy57oar.pages.dev,1
0712.json,https://adisabebai.firebaseapp.com/,1
0715.json,https://exreup.weebly.com/,1
0716.json,https://q-r.to/bfPHPB,1
0717.json,https://qrco.de/bfdC3F?userID=vxEty0HA,1
0720.json,https://t.co/ezDHw6hHFD,1
0721.json,https://q-r.to/bfKMhA,1
0722.json,https://fifth-thankful-leek.glitch.me/public/login.ea0f.html?js=true,1
0723.json,https://htyjjhyncjsjcjnchdyffd.weebly.com/,1
0724.json,https://pub-0fa378d32b424c34b1d9013e63333503.r2.dev/linksup.html,1
0725.json,https://61f0c7ab.597f2b0bd2ee11be5dc06abd.workers.dev/,1
0728.json,https://helps-businesscenters.pages.dev/,1
0729.json,https://docs.google.com/presentation/d/e/2PACX-1vQsB32M1h5bBZ-8CRHYtjSA17hslPVqKy1u_IKNa3X188SQbTLllQMRWBE7_VucWFfU-5XNp9z5TJLV/pub?start=false&amp;loop=false&amp;delayms=3000&amp;slide=id.p,1
0730.json,http://43.156.237.181/InteractiveLogin?amp;continue=https://accounts.google.com/?&amp;followup=https://accounts.google.com/?&amp;xrealip=107.178.232.171&amp;passive=1209600&amp;xrealip=185.194.93.13&amp;ifkv=AQMjQ7Sg3Mmp4O1qi_2RshqAgm2y51bbOV7vRDB6bU4Ds7qHZfLsAj8YsPflNjSQi-1RepEL8zhfpQ,1
0731.json,https://onlineatt783.pory.app/,1
0732.json,https://wwi.avisos-gerente.app,1
0733.json,https://l.ead.me/bfOURG,1
0734.json,https://email-providerphotoimagery71.weebly.com/,1
0735.json,https://bit.ly/4hNx4HN,1
0736.json,https://docs.google.com/presentation/d/e/2PACX-1vSB-D0bEk8fz7WwFfeHYnLbHMy2V0cmwc5PGeBJsvhbn1jHWLqtorcpxr5Z1MQgYtdCotPEP5NXo1T0/pub?start=false&amp;loop=false&amp;delayms=3000,1
0738.json,https://l.ead.me/bff6Ed,1
0739.json,https://docs.google.com/presentation/d/e/2PACX-1vTbSXcivdmBNt4vgegXgoXuGQI34LDTIiyMsxLG73vS-RuAbw2vf-QDj_xbYazWYYPU0JdVzbaiOSbB/pub?start=false&amp;loop=false&amp;delayms=3000&amp;slide=id.p,1
0740.json,https://henrystevenson752.wixsite.com/my-site,1
0742.json,https://www.dropbox.com/scl/fi/ixob9u3lo9x6ksymgak6n/British-Telecommunications-PLC.papert?rlkey=ad807g3uxv8gkim2c3da81tza&dl=0,1
0743.json,https://process-3riversfcu-online.web.app,1
0744.json,https://qrco.de/bfMim7,1
0746.json,https://lp.wainerfortesadvocacia.com.br/regos/,1
0747.json,https://qrco.de/bfNy1d,1
0748.json,https://googleads.g.doubleclick.net/pcs/click?xai=AKAOjssyyO0wZS6nrn4QFiqdYKqNllk6QFSyOwvFiN7c5GXbmHq7_LS7EUdUoq0AS5z00r8YW1RwSvZtNXgt6dRog8wWi8k8v4qEME9X753-r2rHYmzaIbaQTx1vz8nAqhQ82g3Azcl25QuelqpivHiuYXEyA0xRZk-V1KLZGRavxCEGvkGDoqnjV3jU78r2TlN4T1kN5oAJWcFPheJJoSXtaOnUH4PNZv-Q9t6eC8XuS7hd5turmmAUlVHwH161KJMWe_7Wxv90uSFOUXg_yCst_r2cDD7_zIA8isVdeoJ-aaI5XDkiyNoEtwl4uxLVfPlGpCrgNrDIlgh9f4LKgBAB6IE9kowlBFBEImFi9JFDisghQFo0HyRcQgiYS9qpt6ls4PpSPAFhEtBgWETjUSi2S5T_q3SH79pka2HAfQarvRvwv-Bp1I2g7PD1jQ&amp;sai=AMfl-YST2Lv5qYlEFezk62ee5ZyIJAa-bc5BNVWnuscEml3iT6o9EHxul20ij9J3HoORbFQP9JkGsE5faEEG1UbQ-MoGi5aFNeFIrOfvETF5AWuvm0hguQzJH8O7XmtWTg&amp;sig=Cg0ArKJSzLcGn1PmN0hg&amp;fbs_aeid=%5Bgw_fbsaeid%5D&amp;adurl=https://qrco.de/bezU82?userID=YBFTzMXQ,1
0749.json,https://jpalominoh.weebly.com/,1
0752.json,https://qrco.de/bfFgvq,1
0753.json,https://gdffy.urest.org/,1
0754.json,https://docs.google.com/presentation/d/e/2PACX-1vRtlUsGf9hoY4kBnxZdayDXZ0i6MU_vscfQizhrbXibkDAThuAMe-kvUglOKRiEEjjQ5YHdEZJ5aTf6/pub?start=false&amp;loop=false&amp;delayms=3000,1
0758.json,https://orangveri.wixsite.com/my-site/,1
0759.json,https://docs.google.com/presentation/d/e/2PACX-1vSMuXSLnkp2W7PiVLNdPBmwOuOiZtk9qIuGf0mGDaKgvtTp3qk9TljjbpG0-esm8PELjxMl3PUQeX52/pub?start=false&amp;loop=false&amp;delayms=3000,1
0760.json,https://att-mail-104171.weeblysite.com/,1
0761.json,https://sites.google.com/view/absircode,1
0762.json,https://docs.google.com/presentation/d/e/2PACX-1vRW69DKJLy7ShoS5Yk7RBmMtYWgDOgvU4jZk0XkZxxRsQ30-vugqvOH1jF0oxd1WGdm2DM1oVYsFqd6/pub?start=false&loop=false&delayms=3000&slide=id.p,1
0764.json,https://tinyurl.com/23rxj9wz,1
0765.json,https://qrco.de/bfTUTE,1
0767.json,https://docs.google.com/presentation/d/e/2PACX-1vREqERe6Rl53W46ifiW2oIDD1IXYFqTRlVUTuqtOjKEIOhjV0ztHbVW1DZBt4Go0fxCVCiyrrP84k_w/pub?start=false&amp;loop=false&amp;delayms=3000,1
0769.json,http://loggm.ukit.me/,1
0770.json,https://bit.ly/3Xv7E8t,1
0771.json,https://pub-c0bfb1e53a864fe7b86327a4269b30fe.r2.dev/index.html,1
0773.json,https://docs.google.com/presentation/d/e/2PACX-1vQZWp3aworshgfWJvK4M7-fM6Jg2rgxW8zGGHu2YfCZ-RKwGAPIdLuFcaZT0j3yZuta0Lf69cWejUSk/pub?start=false&amp;loop=false&amp;delayms=3000,1
0774.json,https://new.express.adobe.com/webpage/hyxIvo0NBCLrw,1
0775.json,https://zone-distributions.com/search,1
0776.json,https://access-synchronizationftp03.ukit.me/,1
0777.json,https://bit.ly/2ZEjAHt,1
0778.json,https://qrco.de/bfNyZr,1
0779.json,https://docs.google.com/presentation/d/e/2PACX-1vSZYRqf0NnE0R74KEHUasEOBCTVlE81Bg598kPCdpX_gZ3Wdi0tnf5s17ly3ohQhM-aWmMbUq8dL_z2/pub?start=false&amp;loop=false&amp;delayms=3000&amp;slide=id.p,1
0780.json,https://q-r.to/bfXja0,1
0781.json,https://docs.google.com/presentation/d/e/2PACX-1vS-KqTtWUFC9eKLqGqcFxAxUUKmst9nxHUovPh2EsK_EfAbNeSmZdtGvAx2o2iqLg1_o0pHWnP-w4Vi/pub?start=false&amp;loop=false&amp;delayms=3000&amp;slide=id.p,1
0783.json,https://pub-2bcc3b44774d47b1b62a89a94b28cb15.r2.dev/fayy.html,1
0784.json,https://docs.google.com/presentation/d/e/2PACX-1vQE1UYhEDrmpJ6p6ghbFFVh1O4YgMo4otGCIId5qRPX4jCo6sRQjLRSv_6bNxgsStL-74sze4WBwioi/pub?start=false&loop=false&delayms=3000,1
0787.json,https://shorturl.at/2ATm3,1
0788.json,http://telegream-vc.com/,1
0789.json,https://junophp.weebly.com/,1
0790.json,https://bt-105749.weeblysite.com/,1
0791.json,https://setuplbpro75002.firebaseapp.com/,1
0792.json,https://q-r.to/bfJDQ6,1
0793.json,https://docs.google.com/presentation/d/e/2PACX-1vTCFBy8Prmo9i6eaXet9-GUWwErrEfnFkp5vyN64hBse50RiEYT8Hs4UADm6Nilq1ZHx71yK5RGQBw1/pub?start=false&amp;loop=false&amp;delayms=3000,1
0794.json,https://q-r.to/bfR5LS,1
0797.json,https://lechefducartelle.web.app/,1
0798.json,http://43.153.207.103/v3/signin/identifier?dsh=S2047459283%3A1679418193773178&amp%3Bcontinue=https%3A%2F%2Faccounts.google.com%2F%3F&amp%3Bfollowup=https%3A%2F%2Faccounts.google.com%2F%3F&amp%3Bxrealip=107.178.200.216&ifkv=AWnogHexnYAslbLYCap5EN-317-HrYV68s71Sp2SPyRcFhi-KfaXf4L78hdayw7FXliLpgBuqFrUow&passive=1209600&xrealip=34.198.46.118&flowName=WebLiteSignIn&flowEntry=ServiceLogin,1
0799.json,https://ladgerlive-logn--web.webflow.io/,1
0800.json,http://3567898079676576.hyperphp.com/?i=1,1
0802.json,https://rect-univ.web.app/,1
0804.json,https://account.booking.com/sign-in?op_token=EgVvYXV0aCKyAQoUNlo3Mm9IT2QzNk5uN3prM3BpcmgSCWF1dGhvcml6ZRoaaHR0cHM6Ly9hZG1pbi5ib29raW5nLmNvbS8qOnsiYXV0aF9hdHRlbXB0X2lkIjoiNjMzMjU3MzItODUyMy00ZWMwLWFhZmItMjg3MmZjODM2NTYzIn0yKzhTdjlqeHk1V2dZZGxzYkcyRHZfbXdPaGNkNHhwZXB6S1hKcGNJazlKRUk6BFMyNTZCBGNvZGUqEzCnh6Hh5qYnOgBCAFjho4S0pzI,1
0805.json,https://docs.google.com/presentation/d/e/2PACX-1vT3Te-Rp8xMQzK-F4o9DuVUjQ3awkIbj-VUeaPQiKM0xS85E5iK2Rz_I509r6nBTyhyeO_6fYqkbrhO/pub?start=false&amp;loop=false&amp;delayms=3000,1
0806.json,https://carrefour.ondetah.com.br,1
0807.json,https://vbpsiw.kpuatk.cn/wjjftozx/,1
0808.json,https://tunahrtjanzak9.firebaseapp.com/,1
0809.json,https://myiccu.web.app/,1
0810.json,http://103.189.235.156/~ddi1/,1
0811.json,https://docs.google.com/presentation/d/e/2PACX-1vRU_ctjhFXXZEODZk1oe3NwH8G4LXj7EkLDe0HHr9J7-mHYhdqvBxlfCX1JKTqg35CSdQRUM2YF-EWy/pub?start=false&amp;loop=false&amp;delayms=3000&amp;slide=id.p,1
0812.json,https://www.miniaturetitans.com/dox/,1
0813.json,https://ipfs.best-practice.se/ipfs/bafybeiardsa5er7hxrjr74j6khdgikhmxomx5hrwldrefftslvh72a3rai/12admadwetransfredirect.html,1
0814.json,https://docs.google.com/presentation/d/e/2PACX-1vStIv1uTypX6-AQfc4P-l5Yiiqc9O3VVM3u6lvFe84pMpGSQPjUhCv0uyhKZILgFf1WoYegShXMXkzF/pub?start=false&loop=false&delayms=3000,1
0815.json,http://marketplace-item-details-87452610.zya.me/?fbclid=IwZXh0bgNhZW0CMTAAAR1Gsbw9jNIcp3U9ewQIXUUbu9ELUJcvB9L34BqTz3_PB2T97tPQGBCWqKw_aem_Z-h7Rvg6W6wdKWVkEneDDQ&i=1,1
0816.json,https://mondiai-retard.com/pac/calcul.php,1
0817.json,https://auth-config.godaddysites.com/,1
0818.json,https://gdvcayersgcons.web.app/,1
0819.json,http://c36c368022d.blogspot.com/?m=1,1
0820.json,https://surveyheart.com/form/6493a2667e847e5da1a40e7e,1
0821.json,http://creativeingredient.com/wp-includes/images/verify/update/y.html,1
0822.json,https://shawsynre1.weebly.com/,1
0825.json,https://docs-trezorsuite-io.webflow.io/,1
0826.json,https://docs.google.com/presentation/d/e/2PACX-1vQeR8IYOXpgrlvmu5MFsesyxMyQNa157X7iZLnRFXZhHNA1iDvCZEZvfB0OI-JO21cIV3X79o9uaLQH/pub?start=false&amp;loop=false&amp;delayms=3000,1
0827.json,https://new.express.adobe.com/webpage/91tLzC47rpDAw,1
0828.json,http://attyahpagesdd146378-b46575f-b524-74858j.ubpages.com/dd146378-b8a1-11ef-b52/,1
0831.json,https://kunquilinech.weebly.com/,1
0832.json,https://johncrossland19.wixstudio.com/my-site-4,1
0833.json,https://bloccadispositivo.es/id/apps/private.php?operatore=Creval,1
0835.json,https://pub-2e63cf2e06d3458d88136b6f050af040.r2.dev/index.html,1
0837.json,https://homeattatthome.square.site/,1
0838.json,https://pub-8934f16f5ca74be39ae0eac391c50e27.r2.dev/index.html?62a765d3b3600f42f1626f,1
0839.json,https://sso-maiwebsrvr-5tefwwr3rf.pages.dev/,1
0840.json,https://urlz.fr/taeE,1
0841.json,https://mtt809-serchy98.firebaseapp.com/,1
0842.json,https://pub-dfa5dc9b1b264e89b08343cf0a26450b.r2.dev/mod.shtml#aWZ1Y2tlZEB5b3VybW9tLmNvbQ==,1
0843.json,https://qrco.de/bfeFA3,1
0844.json,https://bit.ly/3YC1Pb9,1
0845.json,https://dlakwwmnedusdf.weebly.com/,1
0846.json,https://depotfr-8ae92.firebaseapp.com/,1
0847.json,http://allegrolokalnie.oferta-7767383.shop,1
0848.json,https://q-r.to/bfIznh,1
0849.json,https://ipfs.best-practice.se/ipfs/bafybeifp5xd7rlkiagub3plyvtm4cl7gzctw65ndle7cdxbczbsldlhgy4/,1
0850.json,https://at-t-revnv.daftpage.com/,1
0852.json,https://sert-aw.weebly.com/,1
0854.json,https://qrco.de/bfFPiN,1
0855.json,https://txtag.org-tdwg.vip/,1
0856.json,https://docs.google.com/presentation/d/e/2PACX-1vSt3_i-IduA0Evpm6RuolCA0-dEdUwGTGlBdpoKkRoq6fyj9L9dz_TnTjNqBo_fUyFJwulwlTVKHeVK/pub?start=false&amp;loop=false&amp;delayms=3000,1
0857.json,https://t.co/3U0ZQK3u5V,1
0858.json,http://sparkssmoviebooksspecialeventgear2022.blogspot.com/,1
0859.json,https://accslisinggroup.activehosted.com/f/1,1
0860.json,https://bt-103583.weeblysite.com/,1
0862.json,https://new.express.adobe.com/webpage/M3607IkgiKnmb,1
0863.json,https://bit.ly/3SaDYvw,1
0864.json,http://mamkefu.kanuomei.com/Web/im.aspx?_=t&accountid=129544&lng=en,1
0865.json,https://bit.ly/3CLSmp7,1
0866.json,https://veirifcaemail.webcindario.com/,1
0868.json,https://qrco.de/bfJrYb,1
0869.json,https://docs.google.com/presentation/d/e/2PACX-1vS8YNRuVBTeXmN4zjygyM43aJeW-NoW6opA1-dZIPYt_Of4o16DEXtY5LLKSL-h70uWlvSsTL9gx5oG/pub?start=false&amp;loop=false&amp;delayms=3000,1
0871.json,https://spress2.wixsite.com/my-site,1
0872.json,https://q-r.to/Inpost,1
0873.json,https://l.ead.me/bfWgIP,1
0874.json,https://pub-0028a710fce54eb0a4d073f65c51e919.r2.dev/40.html,1
0875.json,https://bit.ly/3xVXuEV,1
0876.json,https://sites.google.com/view/cbncbncbncbn/home,1
0877.json,https://ledgerlive-nstarted.webflow.io/,1
0878.json,https://mentorship3211.web.app/,1
0879.json,https://pub-8fc593afb1994cf4b47074940639d1e7.r2.dev/pg.html,1
0880.json,https://socrk-ae90a.firebaseapp.com/,1
0881.json,https://brwtihfyemdrt.firebaseapp.com/,1
0883.json,https://qrco.de/bfBerW,1
0884.json,https://l.ead.me/bfJiQL,1
0885.json,https://ledgerlicvedestopp.webflow.io/,1
0886.json,https://docs.google.com/presentation/d/1JZ5JCbB9vfpkDDMBrzeD6_874cUw98BSKTPo81xia4s/pub?start=false&amp;loop=false&amp;delayms=3000,1
0887.json,https://q-r.to/bfaXpm,1
0888.json,https://docs.google.com/presentation/d/1hRQ_UIywnU4bRozhm_ICXsspZNxP4kUewlO5uAKwpIE,1
0890.json,https://tinyurl.com/2766rkjv,1
0891.json,https://bit.ly/4gY5Duk,1
0892.json,http://www.cayaconstructs.com/btt01.html,1
0894.json,https://docs.google.com/presentation/d/e/2PACX-1vRrf9kh2O8gUcOE2qZisRUl7xk_VVMB9UkdUXS756W2N6252OPaXfzAi1R1fBMXyxU3_248KG57hl-q/pub?start=false&loop=false&delayms=3000&slide=id.p%3E,1
0895.json,https://stmsummza.com/idnsapprntcs/,1
0896.json,https://ipfs.io/ipfs/Qmc7MF1EUBP8qfAKkYEF7AknMX4FE1Viyk2MxZfMeNUnJy,1
0897.json,https://bziimbra.weebly.com/,1
0898.json,http://asercomsa.com/redirect.html,1
0899.json,https://docs.google.com/presentation/d/e/2PACX-1vSrZYlJZafGRQHxaAyJfFGMiwWd6vfF5jZCVo4GrpXoj-0KBKIHBaLQA1vuPNOyBRuKiX1--WQzMhsg/pub?start=false&amp;loop=false&amp;delayms=3000,1
0900.json,https://q-r.to/bfNp10,1
0901.json,https://qrco.de/bfMRkZ,1
0902.json,https://bit.ly/49Ao6tI,1
0903.json,https://bit.ly/3WQTYo2,1
0904.json,https://my.forms.app/ripiohelpdesk/chivo,1
0905.json,https://safety-profiles-fb-ads-3692201850.vercel.app/,1
0906.json,https://food-flood-30999609.firebaseapp.com/,1
0907.json,http://glaters.com/4prDsu21441qfca959wpoyemtlhb1611LWRYOWOUYTHQIYR921464/9816h9,1
0908.json,https://docs.google.com/presentation/d/e/2PACX-1vR2230tCaBzIhpcNnLQ6HkEr5uzoB8kRQc700EV8z9WA0oE8sdekhcTTqfO6rBcqe3myfQzSKIMhirD/pub?start=false&amp;loop=false&amp;delayms=3000,1
0909.json,https://sprw.io/stt-tPJmp,1
0910.json,https://alegrameeldia.org/3e291249#redacted@abuse.ionos.com,1
0911.json,https://comp-vab.web.app/,1
0912.json,https://org----mozilla-addon.webflow.io/,1
0913.json,https://portal-genimi-cdn.webflow.io/,1
0914.json,https://support--ledger-cdn----auth.webflow.io/,1
0915.json,https://pub-72f4175190054b068a6db1f116f55ca9.r2.dev/index.html,1
0916.json,https://autodestak.com.br/,1
0918.json,https://docs.google.com/presentation/d/e/2PACX-1vRBWhJtYOgJ6MVJdyeeOb2QT9Ps2blQx82d_RSE0Z0Eja0Oy_N9dr6J9-EsxAGCS8hpy7c2O8FfhNnB/pub?start=false&amp;loop=false&amp;delayms=3000&amp;slide=id.p,1
0919.json,https://docs.google.com/presentation/d/e/2PACX-1vSDHQecwMpY92vSCBdHeaXPxI1--7BtdJrrwv4PCbFT2SVisIFFd0tJa1b92_t18jXjSSHHF2u51fWe/pub?start=false&amp;loop=false&amp;delayms=3000,1
0922.json,https://t.co/Muz6fDz1ua,1
0923.json,https://nhytssuddenlinknet.weebly.com/,1
0924.json,https://qrco.de/bfHpJC,1
0925.json,https://4gm0s2v63g9hrw2fc6bl74vb432abk76bcx6m975fsko76.square.site/,1
0926.json,https://domappcheckomeg20.firebaseapp.com/,1
0927.json,http://spkase-offenburg.de,1
0928.json,https://docs.google.com/presentation/d/e/2PACX-1vTsRoQEE6ONv0Erg2v1LrUP6bNggX0mWPOttAVK42h3Mue4GbDKEuJpKLB4uJi0tAuZtrbNxEko8w1b/pub?start=false&loop=false&delayms=3000&slide=id.p%3E,1
0929.json,https://allegrolokalnie.pl-oferta-382935.rest,1
0930.json,https://www.dropbox.com/c/scl/fi/umh2vmj5ytbkqkkeprogz/UPDATE.paper?dl=0&rlkey=ln16m744ya2gjuqruhqiisr3i,1
0932.json,https://docs.google.com/presentation/d/e/2PACX-1vS5hGQaeb9nTKRuZMicHmysOhqdDv4QaSooOW1MX3hX990D8MaS3kdLqZPO2VnaV7St4ryhuWExY-8K/pub?start=false&amp;loop=false&amp;delayms=3000,1
0935.json,https://t.co/07EY3oyZ8l,1
0936.json,https://docs.google.com/presentation/d/e/2PACX-1vSvks0f0dNdDiQ4NKhA3EC7Xts3EMbCvYYasao7m38eMhaLSBLSSoVJBlYLn1t2h1LolO1lyP7i67K0/pub?start=false&amp;loop=false&amp;delayms=3000&amp;slide=id.p,1
0937.json,https://noctuellenaturopathie-10d59f5.ingress-erytho.ewp.live/wp-content/plugins/midoumandan/gnamienmoh/pages/region.php,1
0939.json,https://www.flowcode.com/page/b13,1
0941.json,https://idmicrosoftmx.webcindario.com/,1
0942.json,https://mmsswebmail.weebly.com/,1
0943.json,https://krakenbliogin.webflow.io/,1
0944.json,https://sites.google.com/view/985329/home,1
0946.json,https://pioneerselectricals.ae/thenet,1
0947.json,https://bit.ly/4cjFbI3,1
0948.json,https://l.ead.me/bfNogB,1
0949.json,https://bit.ly/4ba6R1j,1
0950.json,https://att-login769.weeblysite.com/,1
0951.json,https://bit.ly/455ewg4,1
0952.json,https://docs.google.com/presentation/d/e/2PACX-1vS-QIvxzfO8XjELNRwgiMv3fACUdHNUEqlyHEMnhi7M2hGOYQwA-uGBRaRKF_SGu-29JERd737BrcNW/pub?start=false&loop=false&delayms=3000,1
0953.json,https://app.jotform.com/250873294774570,1
0954.json,https://l9kev1vg.odoo.com/,1
0955.json,https://help-livledg--waletf--us.webflow.io/,1
0956.json,https://att-100344.weeblysite.com/,1
0957.json,https://trezor-cdn-io-start.webflow.io/,1
0958.json,https://lechefducartelle.firebaseapp.com/,1
0959.json,https://avisosbanrurals.webcindario.com/Lucks.html?i=1,1
0960.json,https://vk.com/away.php?to=https%3A%2F%2Ft.co%2FdcMoIZGcST&post=790428405_63&cc_key,1
0961.json,https://blast-lite.beaconblast.net/pokily?lg=es&prv=1and1&em=redacted@abuse.ionos.com,1
0962.json,https://ledgg-s-liv---downlld.webflow.io/,1
0963.json,http://help-hardwre-terzor.webflow.io,1
0965.json,http://optikgeneral.com/Webmail/51/Webmail/webmail.php,1
0966.json,https://www.shorturl.at/2ATm3,1
0967.json,https://l.ead.me/bfGqxu,1
0969.json,https://q-r.to/bfTm3e,1
0970.json,https://bit.ly/2210strp5,1
0971.json,https://innovationchainde.firebaseapp.com/,1
0972.json,https://bityl.co/jojppassortir,1
0973.json,https://pub-a07b989fa89b4756ac8babb6d383d9d1.r2.dev/index.html,1
0974.json,https://l.ead.me/bfITZG,1
0975.json,http://interieursite.be/adminMyAccount/myaccount.earthlink.net/cam/config/webmail/billing/index.html,1
0978.json,https://iplogger.cn/25Nm35,1
0979.json,https://talktalkadm76.wixsite.com/my-site,1
0980.json,https://renouvellement-cartesantevitale.com/,1
0981.json,https://my-site-103549.weeblysite.com/,1
0983.json,https://docs.google.com/document/d/1VZXB5vkrHY9F3OvhXNiM_NX34QjqBBbs/edit,1
0985.json,https://l.ead.me/bfOdPk,1
0986.json,https://pagepolicy-centerbussiness.pages.dev/,1
0987.json,https://colostateedu.ukit.me/,1
0988.json,https://bit.ly/postaps--lt,1
0989.json,http://huynguyen2k.github.io/netflix,1
0990.json,https://www.dropbox.com/scl/fi/it0dul5z9lv25cik2oyvv/BT.paper?dl=0&rlkey=cmcedusq76tnt40hm5p86lbrv,1
0991.json,https://qrco.de/bfhG1A,1
0992.json,https://bit.ly/3ztSp7n,1
0993.json,https://qrco.de/bfLIte,1
0994.json,https://docs.google.com/presentation/d/e/2PACX-1vSJL3-eGlsSt_NM-HFP16EReabNowRXkEPoHdOsTrinU-XGPSE_pHfkw-CaqIHHFIO1n-vigu9ckopT/pub?start=false&amp;loop=false&amp;delayms=3000,1
0995.json,https://bell-100515.weeblysite.com/,1
0997.json,https://helpsbusiness-centerpolicys.pages.dev/,1
0998.json,https://krakenllogijn.webflow.io/,1
0999.json,https://qrco.de/bfMBCf,1
1000.json,https://telstra-104511.weeblysite.com/,1
1002.json,https://sudanakhbar.com,0
1003.json,https://masst.net,0
1004.json,https://mngolf.org,0
1005.json,https://blox.pl,0
1006.json,https://itranslate.com,0
1007.json,https://standart.lv,0
1008.json,https://followfashion.com.bd,0
1009.json,https://globaldelight.net,0
1011.json,https://expresschemist.co.uk,0
1013.json,https://mkt3536.com,0
1014.json,https://dyboss.my.id,0
1015.json,https://mommymedspa.com,0
1017.json,https://carrotquest.io,0
1020.json,https://vegpulse.com,0
1021.json,https://brazilianblowout.com,0
1022.json,https://mentos168.bio,0
1023.json,https://apparelillustrated.com,0
1024.json,https://opportune.com,0
1025.json,https://gcforcongress.com,0
1026.json,https://finalbet216.com,0
1027.json,https://bepza.gov.bd,0
1028.json,https://isuzu.com.au,0
1029.json,https://onesoil.ai,0
1030.json,https://sos-verkehrsrecht.de,0
1031.json,https://magpiegames.com,0
1033.json,https://srcotomotiv.com,0
1034.json,https://itsdart.com,0
1035.json,https://shousetsu.dev,0
1036.json,https://portaleamministrazionetrasparente.it,0
1037.json,https://kuz-edu.ru,0
1038.json,https://hacker101.com,0
1040.json,https://vegamovise.my,0
1041.json,https://hawaiianbros.com,0
1042.json,https://megacloud.store,0
1043.json,https://apayun.com,0
1044.json,https://uag.com,0
1045.json,https://dojki.biz,0
1046.json,https://venevisionplay.com,0
1047.json,https://metalshop.us,0
1048.json,https://treestuff.com,0
1054.json,https://bloke.com,0
1055.json,https://ursinn.dev,0
1056.json,https://realmomsonfuck.com,0
1059.json,https://strengthportal.com,0
1060.json,https://bairdwealth.com,0
1062.json,https://freeanimehentai.net,0
1064.json,https://sootoday.com,0
1066.json,https://zmags.com,0
1067.json,https://supremeinsights.com,0
1068.json,https://ytmp3.la,0
1069.json,https://weather.us,0
1070.json,https://albayan.co.uk,0
1071.json,https://worldarchitecturenews.com,0
1073.json,https://myuncchart.org,0
1075.json,https://littlestarsleotards.co.uk,0
1076.json,https://conferencealerts.com,0
1077.json,https://98wine.com,0
1078.json,https://staresortesemena.com,0
1080.json,https://mba.org.cn,0
1081.json,https://plampa.art,0
1082.json,https://faststart.ru,0
1083.json,https://contemporaryand.com,0
1084.json,https://vallesabbianews.it,0
1085.json,https://expensewire.com,0
1087.json,https://canadianarchitect.com,0
1088.json,https://atlantaregional.com,0
1089.json,https://watchserieshd.stream,0
1090.json,https://assai.co.uk,0
1091.json,https://casual-luxury.website,0
1092.json,https://pupspace.net,0
1093.json,https://lasuiteteatro.com,0
1094.json,https://coveredca.com,0
1095.json,https://temala.de,0
1096.json,https://ravzakitap.com,0
1098.json,https://chistvincent.com,0
1099.json,https://airfactsjournal.com,0
1100.json,https://goldfishka.com,0
1101.json,https://dan.net.uk,0
1102.json,https://hotbet.club,0
1103.json,https://chloeelkins.com,0
1104.json,https://pianity.com,0
1106.json,https://nody.ir,0
1108.json,https://link10-bandarslot367.online,0
1111.json,https://inoutboard.com,0
1112.json,https://dosugcx-ufa.xyz,0
1113.json,https://hunde-urlaub.net,0
1114.json,https://60secondsreleased.com,0
1115.json,https://topfapgirls.com,0
1116.json,https://sararamedia.net,0
1117.json,https://csc.gov.au,0
1118.json,https://cras.edu,0
1119.json,https://r1ke6.com,0
1120.json,https://easyzvt.de,0
1121.json,https://greenpowermonitor.com,0
1122.json,https://apklinken.com,0
1123.json,https://vnras.com,0
1124.json,https://ngmalgmahir.com,0
1125.json,https://calcadoslaroche.com.br,0
1126.json,https://optimizingmatters.com,0
1130.json,https://hillstohome.com,0
1131.json,https://cns11643.gov.tw,0
1133.json,https://fish-master.com.ua,0
1135.json,https://rmshqa.com,0
1137.json,https://sol-casino.company,0
1140.json,https://streameast.xyz,0
1141.json,https://laincorp.tech,0
1142.json,https://ityre.com,0
1143.json,https://concept-phones.com,0
1144.json,https://biharnotices.in,0
1145.json,https://consorsbank.de,0
1147.json,https://imovelweb.com.br,0
1148.json,https://crestanevada.es,0
1149.json,https://main-bandarkoin99.com,0
1150.json,https://seaward.ru,0
1151.json,https://1wgmd.top,0
1152.json,https://goaheadgo.top,0
1153.json,https://sbsplays.online,0
1154.json,https://waysim.net,0
1155.json,https://careercharmer.net,0
1157.json,https://refpagsvsi.top,0
1158.json,https://slidesgo.com,0
1161.json,https://newztodayup.com,0
1162.json,https://dailyburn.com,0
1163.json,https://apartmentlist.com,0
1164.json,https://rcijeux.fr,0
1165.json,https://azan.today,0
1166.json,https://viiqkzqv.com,0
1167.json,https://tigron.be,0
1168.json,https://startale.com,0
1169.json,https://yowes83257.com,0
1171.json,https://geant.org,0
1172.json,https://hoster-ok.com,0
1173.json,https://squareshop.gr,0
1174.json,https://marketingsweet.com.au,0
1177.json,https://vivus.pl,0
1178.json,https://proxysherwin.com,0
1179.json,https://turkishtv.guru,0
1180.json,https://premierdis.com,0
1182.json,https://itsat.ru,0
1183.json,https://philips-hue.com,0
1184.json,https://hongkongcard.com,0
1185.json,https://anewhotels.com,0
1186.json,https://airportsix.com,0
1189.json,https://amazon.rw,0
1190.json,https://tas71.com,0
1191.json,https://intrado.com,0
1192.json,https://swedbankpay.com,0
1196.json,https://softsourcehub.xyz,0
1197.json,https://futboljobs.com,0
1199.json,https://nettvplus.com,0
1201.json,https://clubhouse.com,0
1202.json,https://tnawrestling.com,0
1204.json,https://sportschatplace.com,0
1205.json,https://slazenger.com,0
1206.json,https://hellospoonful.com,0
1207.json,https://mrdiy.com.my,0
1208.json,https://v0o4uv2.com,0
1209.json,https://pizzicato.lu,0
1210.json,https://prodemand.com,0
1211.json,https://365gg02.com,0
1212.json,https://useetv.com,0
1215.json,https://ugelchucuito.edu.pe,0
1217.json,https://drinkprime.in,0
1219.json,https://uprinv.com,0
1220.json,https://footballmonk.in,0
1221.json,https://afgindo.com,0
1222.json,https://grabdriverth.com,0
1223.json,https://xbox-mag.net,0
1225.json,https://mayorsmanor.com,0
1227.json,https://brownells.co.uk,0
1228.json,https://xatab-repackz.ru,0
1230.json,https://andalusiaegypt.com,0
1231.json,https://aemintakes.com,0
1232.json,https://jacobdelafon.fr,0
1233.json,https://bricoram.com,0
1238.json,https://tomosygrapas.com,0
1239.json,https://syndication.com,0
1240.json,https://scatteredthoughtsofacraftymom.com,0
1241.json,https://forextradersworld.com,0
1244.json,https://thedeliciouspeaches.com,0
1246.json,https://brownsfashion.com,0
1247.json,https://avangarde-ip.com,0
1248.json,https://quran.az,0
1250.json,https://touchless.coffee,0
1252.json,https://rimagold.com.tr,0
1254.json,https://busmap.city,0
1255.json,https://laborantin.fr,0
1256.json,https://iplusonego.com,0
1257.json,https://babushki.online,0
1258.json,https://polarpro.com,0
1259.json,https://bazaardeal.xyz,0
1260.json,https://tousatu.xyz,0
1262.json,https://trotterslondon.com,0
1265.json,https://tipobet5487.com,0
1266.json,https://burnghost.com,0
1268.json,https://vc999.com,0
1272.json,https://stu.edu,0
1273.json,https://chester-races.com,0
1274.json,https://severallinks.com,0
1275.json,https://jpot.co.za,0
1278.json,https://serranoticiario.com.br,0
1279.json,https://madridfusion.net,0
1280.json,https://nflgamepass.com,0
1281.json,https://best24news.com,0
1284.json,https://brickpandatoys.com,0
1285.json,https://edchoice.org,0
1286.json,https://sadovodtk.ru,0
1289.json,https://ovvi.com.br,0
1290.json,https://lotto-thai.org,0
1291.json,https://mangohost.net,0
1292.json,https://vizztech.com,0
1293.json,https://msruas.ac.in,0
1295.json,https://keylol.com,0
1296.json,https://7gain.cc,0
1299.json,https://softech.kg,0
1300.json,https://againandagain.biz,0
1301.json,https://1haitao.com,0
1302.json,https://grayv.com,0
1303.json,https://modelslab.com,0
1304.json,https://tryloindia.com,0
1305.json,https://webrtc-experiment.com,0
1306.json,https://cuan328-113.store,0
1307.json,https://kizerknives.com,0
1308.json,https://tuoinungvn.net,0
1309.json,https://macapp.cc,0
1310.json,https://mc21.ru,0
1311.json,https://mapmyrun.com,0
1312.json,https://mevzuattakip.com.tr,0
1314.json,https://oficinadanet.com.br,0
1315.json,https://6171.com,0
1317.json,https://lovenir.hu,0
1318.json,https://bc3stay.com,0
1319.json,https://hadafakvideos.com,0
1320.json,https://sportshub.fan,0
1321.json,https://spb1.cc,0
1323.json,https://independentreserve.com,0
1324.json,https://papertoilet.com,0
1326.json,https://zevar.com,0
1327.json,https://peaktech.com,0
1328.json,https://force24.co.uk,0
1329.json,https://vodkatotoketua.com,0
1330.json,https://jurvansanomat.fi,0
1331.json,https://chnct.org,0
1332.json,https://manheim.com,0
1333.json,https://medcell.org,0
1334.json,https://cucutotoraja.com,0
1337.json,https://hitas.lt,0
1339.json,https://sitbusshuttle.com,0
1340.json,https://thediapason.com,0
1341.json,https://montefioreeinstein.org,0
1343.json,https://arive.com,0
1345.json,https://devonki.sex,0
1349.json,https://pumasight.com,0
1350.json,https://work-dermatologist-8cyjvb.world,0
1352.json,https://ali-buy.com,0
1353.json,https://jfmo.org.ph,0
1354.json,https://englishbiodata.com,0
1356.json,https://v-krasnodare.com,0
1357.json,https://thecatholicspirit.com,0
1358.json,https://playsolution.me,0
1360.json,https://diariodelweb.it,0
1361.json,https://deagel.com,0
1363.json,https://349s.com,0
1364.json,https://blackwing.fi,0
1367.json,https://teespring.com,0
1368.json,https://virtualnetmg.com.br,0
1369.json,https://34sp.com,0
1370.json,https://homegrown.co.in,0
1371.json,https://carwale.com,0
1372.json,https://xxxviiijmp.com,0
1374.json,https://tuhumo.com,0
1375.json,https://bhf.pro,0
1376.json,https://la.com,0
1377.json,https://wwii.space,0
1378.json,https://motac.gov.my,0
1379.json,https://aboutus.com,0
1380.json,https://expatliving.sg,0
1381.json,https://hponline.co.za,0
1382.json,https://lahzeakhar.com,0
1383.json,https://wals.info,0
1385.json,https://lasportiva.com,0
1387.json,https://sn88j.com,0
1388.json,https://kube-ovn.io,0
1389.json,https://soccerhd.net,0
1390.json,https://rbsmi.ru,0
1391.json,https://ligamansion2mita.site,0
1395.json,https://biopark.co.jp,0
1397.json,https://localwine.events,0
1398.json,https://lkmw.com,0
1400.json,https://bcbsfepvision.com,0
1402.json,https://bursa.ro,0
1403.json,https://triburile.ro,0
1404.json,https://docsbot.ai,0
1405.json,https://arsenal-nt.com,0
1406.json,https://bigtex.com,0
1407.json,https://blu89terpercaya.com,0
1408.json,https://pokemon-card-fullahead.com,0
1409.json,https://4d88.co,0
1411.json,https://ruangmenyala.com,0
1417.json,https://exa123.com,0
1418.json,https://newindiantube.mobi,0
1420.json,https://sibestari.com,0
1421.json,https://blockdetector.org,0
1422.json,https://complianceweek.com,0
1423.json,https://s29.vip,0
1424.json,https://gfidigital.com,0
1425.json,https://domlust.com,0
1426.json,https://otava.fi,0
1429.json,https://lotteria-nazionale.com,0
1430.json,https://geneious.com,0
1431.json,https://playnautica.ru,0
1432.json,https://met.hu,0
1436.json,https://legjobbmunkaruha.hu,0
1438.json,https://elenta.lt,0
1440.json,https://getwellnetwork.com,0
1441.json,https://168-gg.org,0
1442.json,https://eventsmart.com,0
1443.json,https://oca.org,0
1444.json,https://rupaonlinestore.com,0
1446.json,https://quiniela22.com,0
1449.json,https://c-soo.com,0
1450.json,https://boazauco.com,0
1452.json,https://northwestcareercollege.edu,0
1453.json,https://edimax.com,0
1459.json,https://elvisadninnn.top,0
1463.json,https://synap.ac,0
1465.json,https://kup-si.cz,0
1466.json,https://masked.love,0
1467.json,https://telefilm.ca,0
1469.json,https://elanco.com,0
1470.json,https://fptplay.vn,0
1472.json,https://contrepoints.org,0
1473.json,https://courses4.ru,0
1474.json,https://a10networks.com,0
1475.json,https://cmlx.com,0
1476.json,https://kra-28-cc.com,0
1477.json,https://46tkp303.com,0
1478.json,https://phpschool.com,0
1479.json,https://boardstudy.in,0
1480.json,https://livecasinos.com,0
1481.json,https://diary.ru,0
1482.json,https://vezea.net,0
1483.json,https://pec-email.com,0
1484.json,https://centertelmais.com.br,0
1486.json,https://steadyhost.ru,0
1487.json,https://official-klb777.com,0
1489.json,https://invisiblethingslab.com,0
1490.json,https://djkit.com,0
1493.json,https://uscity.net,0
1496.json,https://basketballengland.co.uk,0
1497.json,https://luckybingo.xyz,0
1498.json,https://mict.com.ph,0
1500.json,https://xxxhindi.to,0
1501.json,https://allbizsales.com,0
1502.json,https://viks.tv,0
1504.json,https://jawish.org,0
1505.json,https://77brl.com,0
1506.json,https://donkergroep.com,0
1507.json,https://neighborbrite.com,0
1509.json,https://latvijasradio.lv,0
1512.json,https://lespetitsmecs.com,0
1513.json,https://synten.com,0
1514.json,https://skysports.com,0
1515.json,https://fastputon.net,0
1516.json,https://suzukibike.jp,0
1517.json,https://speedaddicts.com,0
1519.json,https://royalgoal.fun,0
1520.json,https://bahisal851.com,0
1523.json,https://rgbserver.com.br,0
1525.json,https://psyq.nl,0
1526.json,https://collectorsedition.org,0
1528.json,https://kino-teatr.ua,0
1529.json,https://ikwilhet.nu,0
1531.json,https://heizpellets24.de,0
1532.json,https://corporateclash.net,0
1534.json,https://eurobic.pt,0
1535.json,https://wageworks.com,0
1538.json,https://semiwiki.com,0
1539.json,https://nolog.chat,0
1540.json,https://flixsterz.com,0
1541.json,https://bowdoin.edu,0
1543.json,https://westcovina.org,0
1544.json,https://freesnippingtool.com,0
1546.json,https://officeplus.cn,0
1547.json,https://love2kart.com,0
1550.json,https://catalent.com,0
1551.json,https://taiwan-panorama.com,0
1552.json,https://persiktotodapatthr.site,0
1553.json,https://taurusaffiliates.com,0
1554.json,https://arapahoebasin.com,0
1556.json,https://linkis.ru,0
1557.json,https://affectionfinder.com,0
1558.json,https://wkfr.com,0
1559.json,https://gg51.bet,0
1560.json,https://imperator-kasino.click,0
1561.json,https://olimp698b.top,0
1562.json,https://iland.com,0
1563.json,https://9346763.vip,0
1565.json,https://gmf.fr,0
1566.json,https://hudhousingnetwork.com,0
1567.json,https://52bet28.com,0
1568.json,https://msd-italia.it,0
1571.json,https://bnamericas.com,0
1572.json,https://mightyessays.com,0
1573.json,https://helius.dev,0
1574.json,https://maskandiupdates.com,0
1575.json,https://a6663.com,0
1576.json,https://300624.com,0
1578.json,https://yarchive.net,0
1579.json,https://ammantv.net,0
1581.json,https://vonemart.in,0
1582.json,https://6789bet.tips,0
1584.json,https://limex.de,0
1585.json,https://qqdewihebat.xyz,0
1586.json,https://benindoingbusiness.bj,0
1588.json,https://penneo.com,0
1590.json,https://simplysoftweb.com,0
1591.json,https://passged.com,0
1592.json,https://tiqets.com,0
1594.json,https://kotidze.in,0
1595.json,https://prof-trde.xyz,0
1596.json,https://my.gov.gr,0
1597.json,https://regionorebrolan.se,0
1600.json,https://bundesliga.de,0
1604.json,https://lyricstape.com,0
1605.json,https://toyotires.com,0
1607.json,https://warehousingsite.com,0
1608.json,https://jfrog.com,0
1612.json,https://tilda.education,0
1613.json,https://gl-systemhaus.de,0
1614.json,https://vibes.com,0
1617.json,https://kalamullah.com,0
1620.json,https://zeezest.com,0
1621.json,https://academically.com,0
1622.json,https://idebil.com,0
1623.json,https://testfort.com,0
1625.json,https://shotkit.com,0
1627.json,https://webdiana.ru,0
1629.json,https://mulmedia.net,0
1631.json,https://parimatch.kz,0
1632.json,https://rmdatacentral.com,0
1633.json,https://prostopleer.com,0
1635.json,https://mbrsc.ae,0
1636.json,https://zipwp.com,0
1637.json,https://spazioweb.domains,0
1638.json,https://bluekai.com,0
1640.json,https://kinosreda.pro,0
1642.json,https://tecmm.edu.mx,0
1643.json,https://icrye.com,0
1644.json,https://lclycity.vip,0
1645.json,https://ibi.co.il,0
1646.json,https://coomeet.chat,0
1647.json,https://aepiot.ro,0
1648.json,https://rcophth.ac.uk,0
1649.json,https://unified-servers.com,0
1651.json,https://admiralx-hwm.top,0
1655.json,https://steerensout.net,0
1656.json,https://tujia.com,0
1657.json,https://4711.com,0
1658.json,https://gogen-allguide.com,0
1659.json,https://hadit.com,0
1660.json,https://proxypush.com,0
1661.json,https://hyperburo.fr,0
1663.json,https://switchplayer.net,0
1664.json,https://realpornclip.com,0
1665.json,https://reddevilrestaurant.com,0
1666.json,https://luxuryhotel.guru,0
1667.json,https://soneto.net,0
1668.json,https://districtadministration.com,0
1670.json,https://super-hobby.it,0
1671.json,https://daytoncreative.net,0
1672.json,https://winterville.co.uk,0
1673.json,https://canalstreetmovie.com,0
1676.json,https://verge-solutions.com,0
1678.json,https://maruhub.com,0
1679.json,https://javxsub.com,0
1680.json,https://prohost.pl,0
1682.json,https://sogal.com,0
1683.json,https://sostegno20.it,0
1684.json,https://kopps.com,0
1685.json,https://worker.cash,0
1686.json,https://nic.today,0
1688.json,https://betlab.club,0
1689.json,https://aminoeditor.com,0
1690.json,https://obliquecensortend.com,0
1693.json,https://tripodeal.com,0
1694.json,https://eclipsesource.com,0
1695.json,https://smarteduhub.com,0
1697.json,https://alink.com,0
1699.json,https://efeverde.com,0
1700.json,https://ktelioannina.gr,0
1704.json,https://globalmedya.com,0
1705.json,https://qoctor.com.au,0
1707.json,https://gemoo.com,0
1708.json,https://footpine.com.tw,0
1709.json,https://publicjobs.ie,0
1711.json,https://mktqc2.ink,0
1713.json,https://fanatics.vip,0
1714.json,https://bestmerah.com,0
1715.json,https://bokepcrut.fyi,0
1716.json,https://jun8.kim,0
1718.json,https://superbuy.com.ng,0
1719.json,https://speedsites.ro,0
1721.json,https://retrotogel.com,0
1722.json,https://alebilet.pl,0
1723.json,https://sescsp.org.br,0
1724.json,https://maderuang.com,0
1725.json,https://giasidaily.com,0
1726.json,https://vulkal.hr,0
1728.json,https://makeupmekka.com,0
1729.json,https://unpam.ac.id,0
1732.json,https://parkdnshere.net,0
1733.json,https://sisliescort.com.tr,0
1734.json,https://knorex.com,0
1735.json,https://rocketway.net,0
1736.json,https://churchilldownsincorporated.com,0
1737.json,https://muscatairport.co.om,0
1738.json,https://lahornacina.com,0
1739.json,https://sex166.net,0
1740.json,https://dvdmg.com,0
1741.json,https://anewbet789.com,0
1743.json,https://bianfeng.com,0
1744.json,https://vl-logistic.ru,0
1745.json,https://plb.ac.id,0
1748.json,https://marujiru.com,0
1751.json,https://ccthita.org,0
1752.json,https://woodardcurran.com,0
1753.json,https://ta.org.jm,0
1754.json,https://techedubyte.com,0
1755.json,https://webhostingfree.io,0
1757.json,https://valefor.vip,0
1758.json,https://glamox.com,0
1759.json,https://ezcast.com,0
1761.json,https://mourjan.com,0
1763.json,https://etdi.gov.ae,0
1765.json,https://talktalkplc.com,0
1766.json,https://sandboxx.us,0
1768.json,https://smartetailing.net,0
1769.json,https://pomisna.info,0
1770.json,https://goodgame433.live,0
1772.json,https://bpomaceh.id,0
1774.json,https://beihailx.com,0
1775.json,https://guidetothephilippines.ph,0
1776.json,https://nmstatesports.com,0
1778.json,https://maismls.app,0
1779.json,https://exxxoticaexpo.com,0
1780.json,https://dynamopackages.com,0
1781.json,https://bamboofo.rest,0
1782.json,https://ziniboutique.com,0
1784.json,https://itsallyours.us,0
1785.json,https://startuppedia.in,0
1787.json,https://steamlike.ru,0
1789.json,https://lssproducts.com,0
1790.json,https://pornoxxx.vip,0
1791.json,https://doctoroz.com,0
1792.json,https://google.com.qa,0
1793.json,https://ipapi.com,0
1794.json,https://harddrivesdirect.com,0
1795.json,https://digital-network.net,0
1796.json,https://egov66.ru,0
1797.json,https://nicos-ag.com,0
1798.json,https://satacom.fi,0
1799.json,https://srcaccess.net,0
1800.json,https://ehaiki.jp,0
1801.json,https://sw-motech.com,0
1805.json,https://satellite-office.work,0
1808.json,https://dewa1000arah.com,0
1810.json,https://parfumdreams.fr,0
1811.json,https://register.com.np,0
1812.json,https://claapp.us,0
1814.json,https://smartapartmentdata.com,0
1816.json,https://29empire-33.site,0
1817.json,https://sfponline.org,0
1818.json,https://91porn.red,0
1819.json,https://zkm.de,0
1820.json,https://politicalcompass.org,0
1821.json,https://communitydragon.org,0
1823.json,https://cialist100.com,0
1825.json,https://torresdelpaine.com,0
1826.json,https://networkshosting.com,0
1843.json,https://obiettivonews.it,0
1845.json,https://mrpornosexe.com,0
1846.json,https://movie2025.com,0
1847.json,https://produ.com,0
1848.json,https://e-home2u.com,0
1850.json,https://diplomagazin.com,0
1853.json,https://winex.com,0
1854.json,https://rtmedu.org,0
1855.json,https://isen-ouest.fr,0
1856.json,https://authenticfeet.com.br,0
1857.json,https://afn360.com,0
1859.json,https://coroasmaduras.net,0
1860.json,https://workcoverqld.com.au,0
1861.json,https://kefirgames.ru,0
1862.json,https://december12.ru,0
1863.json,https://vymanga.net,0
1864.json,https://marutitech.com,0
1867.json,https://prodarts.jp,0
1870.json,https://durmazmedya.com,0
1872.json,https://mitec.net,0
1873.json,https://lembu4dactive.com,0
1874.json,https://comprarepatenteregistrata.com,0
1875.json,https://blssewa.com,0
1876.json,https://osiva-semena.sk,0
1878.json,https://privesexshop.com.br,0
1879.json,https://ucc.edu.jm,0
1880.json,https://2orik-diploms.ru,0
1882.json,https://lovemedo.net,0
1885.json,https://ushistoryscene.com,0
1886.json,https://zeljeznice.net,0
1887.json,https://letsroam.com,0
1889.json,https://skazka.ru,0
1890.json,https://iran-cover.ir,0
1891.json,https://vault76.info,0
1892.json,https://openfeint.com,0
1893.json,https://firstchoicesantorini.com,0
1894.json,https://smartnora.com,0
1895.json,https://juststream.mov,0
1896.json,https://dandelionchocolate.com,0
1897.json,https://shadowthemes.com,0
1898.json,https://findsspreadsheet.com,0
1899.json,https://smgrowers.com,0
1900.json,https://shell.com.au,0
1901.json,https://dorsalchip.es,0
1902.json,https://presshost.net.au,0
1903.json,https://cricex.in,0
1904.json,https://thekiwicountrygirl.com,0
1905.json,https://debatpublic.fr,0
1906.json,https://sputniknews-uz.com,0
1907.json,https://jusline.at,0
1908.json,https://idsnext.com,0
1909.json,https://ribbonrose.co.nz,0
1910.json,https://shoesissime.com,0
1911.json,https://lwwhealthlibrary.com,0
1913.json,https://xnxxvn.co,0
1914.json,https://gen2tv.com,0
1915.json,https://bluelive77.com,0
1916.json,https://chinadailyhk.com,0
1918.json,https://atarotcards.com,0
1919.json,https://psychtalk.gr,0
1920.json,https://rfc-editor.org,0
1923.json,https://phtzlxm.cc,0
1925.json,https://sportwrench.com,0
1927.json,https://town-night.jp,0
1928.json,https://area1.live,0
1929.json,https://maria-laach.de,0
1930.json,https://monkeyworld.org,0
1932.json,https://aurigami.finance,0
1933.json,https://stoklasa-sk.sk,0
1934.json,https://koawatealearn.co.nz,0
1935.json,https://hentai-img-xxx.com,0
1936.json,https://thalhimer.com,0
1937.json,https://pupcity.com,0
1938.json,https://pornotorrent.net.br,0
1939.json,https://australiangold.com,0
1940.json,https://dartmouth.edu,0
1941.json,https://kbic-nsn.gov,0
1943.json,https://pinco.win,0
1944.json,https://unibanco.pt,0
1946.json,https://bilbet24.com,0
1948.json,https://nexus.org,0
1950.json,https://talenom.fi,0
1952.json,https://gitticonsciousbeauty.com,0
1953.json,https://prophosting.com,0
1954.json,https://androidsikho.com,0
1955.json,https://66lottery9.vip,0
1956.json,https://heatherwholeinvolve.com,0
1957.json,https://emax.co.nz,0
1958.json,https://dstny.se,0
1959.json,https://modafinilon.online,0
1960.json,https://shiftbase.com,0
1961.json,https://thcservers.com,0
1962.json,https://zurka.us,0
1963.json,https://timescontroller.com.br,0
1964.json,https://iptvextreme.org,0
1965.json,https://ascensus.com,0
1966.json,https://londonpass.com,0
1968.json,https://utcb.ro,0
1970.json,https://medianews4u.com,0
1972.json,https://romsdroid.com,0
1973.json,https://vanlaack.com,0
1974.json,https://intelligentediting.com,0
1975.json,https://ijzershop.nl,0
1976.json,https://search-prostitutki.com,0
1977.json,https://holyclothing.com,0
1978.json,https://launchdynamics.com,0
1979.json,https://theinvestmentsharks.com,0
1981.json,https://ocushield.com,0
1982.json,https://careers360.com,0
1983.json,https://geeksforgeeks.org,0
1986.json,https://bluetooth.com,0
1987.json,https://gamification.co,0
1989.json,https://reverseauctions.xyz,0
1992.json,https://plivamed.net,0
1993.json,https://parimatch.com,0
1994.json,https://desallo.com,0
1995.json,https://setforset.com,0
1996.json,https://nagano-hakken.jp,0
1998.json,https://mineo.jp,0
1999.json,https://ioxapp.com,0
2000.json,https://pars90.com,0
